CRIM,ZN,INDUS,CHAS,NOX,RM,AGE,DIS,RAD,TAX,PTRATIO,LSTAT,AUTOFE_F_1,AUTOFE_F_6,AUTOFE_F_7,AUTOFE_F_10,AUTOFE_F_13,AUTOFE_F_16,AUTOFE_F_19,AUTOFE_F_27,AUTOFE_F_28,AUTOFE_F_30,AUTOFE_F_31,AUTOFE_F_33,AUTOFE_F_35,AUTOFE_F_41,AUTOFE_F_48
0.00632,18,2.31,0,0.538,6.575,65.2,4.09,1,296,15.3,4.98,2.485,159.248,0.001817567568,1.538,65,5.575,-293.69,3.31,1.31,15.3,19.346405229,683.76,0.538,0.1509803922,7
0.02731,0,7.07,0,0.469,6.421,78.9,4.9671,2,242,17.8,9.14,1.4539,113.498,0.001938016529,2.469,79,4.421,-234.93,9.07,5.07,17.8,13.595505618,1710.94,0.469,0.3971910112,6
0.02729,0,7.07,0,0.469,7.185,61.1,4.9671,2,242,17.8,4.03,2.2179,113.498,0.001938016529,2.469,61,5.185,-234.93,9.07,5.07,17.8,13.595505618,1710.94,0.469,0.3971910112,7
0.03237,0,2.18,0,0.458,6.998,45.8,6.0622,3,222,18.7,2.94,0.9358,101.676,0.002063063063,3.458,46,3.998,-219.82,5.18,-0.82,18.7,11.871657754,483.96,0.458,0.1165775401,7
0.06905,0,2.18,0,0.458,7.147,54.2,6.0622,3,222,18.7,5.33,1.0848,101.676,0.002063063063,3.458,54,4.147,-219.82,5.18,-0.82,18.7,11.871657754,483.96,0.458,0.1165775401,7
0.02985,0,2.18,0,0.458,6.43,58.7,6.0622,3,222,18.7,5.21,0.3678,101.676,0.002063063063,3.458,59,3.43,-219.82,5.18,-0.82,18.7,11.871657754,483.96,0.458,0.1165775401,6
0.08829,12.5,7.87,0,0.524,6.012,66.6,5.5605,5,311,15.2,12.43,0.4515,162.964,0.00168488746,5.524,67,1.012,-303.13,12.87,2.87,15.2,20.460526316,2447.57,0.524,0.5177631579,6
0.14455,12.5,7.87,0,0.524,6.172,96.1,5.9505,5,311,15.2,19.15,0.2215,162.964,0.00168488746,5.524,96,1.172,-303.13,12.87,2.87,15.2,20.460526316,2447.57,0.524,0.5177631579,6
0.21124,12.5,7.87,0,0.524,5.631,100,6.0821,5,311,15.2,29.93,-0.4511,162.964,0.00168488746,5.524,100,0.631,-303.13,12.87,2.87,15.2,20.460526316,2447.57,0.524,0.5177631579,6
0.17004,12.5,7.87,0,0.524,6.004,85.9,6.5921,5,311,15.2,17.1,-0.5881,162.964,0.00168488746,5.524,86,1.004,-303.13,12.87,2.87,15.2,20.460526316,2447.57,0.524,0.5177631579,6
0.22489,12.5,7.87,0,0.524,6.377,94.3,6.3467,5,311,15.2,20.45,0.0303,162.964,0.00168488746,5.524,94,1.377,-303.13,12.87,2.87,15.2,20.460526316,2447.57,0.524,0.5177631579,6
0.11747,12.5,7.87,0,0.524,6.009,82.9,6.2267,5,311,15.2,13.27,-0.2177,162.964,0.00168488746,5.524,83,1.009,-303.13,12.87,2.87,15.2,20.460526316,2447.57,0.524,0.5177631579,6
0.09378,12.5,7.87,0,0.524,5.889,39,5.4509,5,311,15.2,15.71,0.4381,162.964,0.00168488746,5.524,39,0.889,-303.13,12.87,2.87,15.2,20.460526316,2447.57,0.524,0.5177631579,6
0.62976,0,8.14,0,0.538,5.949,61.8,4.7075,4,307,21,8.26,1.2415,165.166,0.001752442997,4.538,62,1.949,-298.86,12.14,4.14,21,14.619047619,2498.98,0.538,0.3876190476,6
0.63796,0,8.14,0,0.538,6.096,84.5,4.4619,4,307,21,10.26,1.6341,165.166,0.001752442997,4.538,85,2.096,-298.86,12.14,4.14,21,14.619047619,2498.98,0.538,0.3876190476,6
0.62739,0,8.14,0,0.538,5.834,56.5,4.4986,4,307,21,8.47,1.3354,165.166,0.001752442997,4.538,57,1.834,-298.86,12.14,4.14,21,14.619047619,2498.98,0.538,0.3876190476,6
1.05393,0,8.14,0,0.538,5.935,29.3,4.4986,4,307,21,6.58,1.4364,165.166,0.001752442997,4.538,29,1.935,-298.86,12.14,4.14,21,14.619047619,2498.98,0.538,0.3876190476,6
0.7842,0,8.14,0,0.538,5.99,81.7,4.2579,4,307,21,14.67,1.7321,165.166,0.001752442997,4.538,82,1.99,-298.86,12.14,4.14,21,14.619047619,2498.98,0.538,0.3876190476,6
0.80271,0,8.14,0,0.538,5.456,36.6,3.7965,4,307,21,11.69,1.6595,165.166,0.001752442997,4.538,37,1.456,-298.86,12.14,4.14,21,14.619047619,2498.98,0.538,0.3876190476,5
0.7258,0,8.14,0,0.538,5.727,69.5,3.7965,4,307,21,11.28,1.9305,165.166,0.001752442997,4.538,70,1.727,-298.86,12.14,4.14,21,14.619047619,2498.98,0.538,0.3876190476,6
1.25179,0,8.14,0,0.538,5.57,98.1,3.7979,4,307,21,21.02,1.7721,165.166,0.001752442997,4.538,98,1.57,-298.86,12.14,4.14,21,14.619047619,2498.98,0.538,0.3876190476,6
0.85204,0,8.14,0,0.538,5.965,89.2,4.0123,4,307,21,13.83,1.9527,165.166,0.001752442997,4.538,89,1.965,-298.86,12.14,4.14,21,14.619047619,2498.98,0.538,0.3876190476,6
1.23247,0,8.14,0,0.538,6.142,91.7,3.9769,4,307,21,18.72,2.1651,165.166,0.001752442997,4.538,92,2.142,-298.86,12.14,4.14,21,14.619047619,2498.98,0.538,0.3876190476,6
0.98843,0,8.14,0,0.538,5.813,100,4.0952,4,307,21,19.88,1.7178,165.166,0.001752442997,4.538,100,1.813,-298.86,12.14,4.14,21,14.619047619,2498.98,0.538,0.3876190476,6
0.75026,0,8.14,0,0.538,5.924,94.1,4.3996,4,307,21,16.3,1.5244,165.166,0.001752442997,4.538,94,1.924,-298.86,12.14,4.14,21,14.619047619,2498.98,0.538,0.3876190476,6
0.84054,0,8.14,0,0.538,5.599,85.7,4.4546,4,307,21,16.51,1.1444,165.166,0.001752442997,4.538,86,1.599,-298.86,12.14,4.14,21,14.619047619,2498.98,0.538,0.3876190476,6
0.67191,0,8.14,0,0.538,5.813,90.3,4.682,4,307,21,14.81,1.131,165.166,0.001752442997,4.538,90,1.813,-298.86,12.14,4.14,21,14.619047619,2498.98,0.538,0.3876190476,6
0.95577,0,8.14,0,0.538,6.047,88.8,4.4534,4,307,21,17.28,1.5936,165.166,0.001752442997,4.538,89,2.047,-298.86,12.14,4.14,21,14.619047619,2498.98,0.538,0.3876190476,6
0.77299,0,8.14,0,0.538,6.495,94.4,4.4547,4,307,21,12.8,2.0403,165.166,0.001752442997,4.538,94,2.495,-298.86,12.14,4.14,21,14.619047619,2498.98,0.538,0.3876190476,6
1.00245,0,8.14,0,0.538,6.674,87.3,4.239,4,307,21,11.98,2.435,165.166,0.001752442997,4.538,87,2.674,-298.86,12.14,4.14,21,14.619047619,2498.98,0.538,0.3876190476,7
1.13081,0,8.14,0,0.538,5.713,94.1,4.233,4,307,21,22.6,1.48,165.166,0.001752442997,4.538,94,1.713,-298.86,12.14,4.14,21,14.619047619,2498.98,0.538,0.3876190476,6
1.35472,0,8.14,0,0.538,6.072,100,4.175,4,307,21,13.04,1.897,165.166,0.001752442997,4.538,100,2.072,-298.86,12.14,4.14,21,14.619047619,2498.98,0.538,0.3876190476,6
1.38799,0,8.14,0,0.538,5.95,82,3.99,4,307,21,27.71,1.96,165.166,0.001752442997,4.538,82,1.95,-298.86,12.14,4.14,21,14.619047619,2498.98,0.538,0.3876190476,6
1.15172,0,8.14,0,0.538,5.701,95,3.7872,4,307,21,18.35,1.9138,165.166,0.001752442997,4.538,95,1.701,-298.86,12.14,4.14,21,14.619047619,2498.98,0.538,0.3876190476,6
1.61282,0,8.14,0,0.538,6.096,96.9,3.7598,4,307,21,20.34,2.3362,165.166,0.001752442997,4.538,97,2.096,-298.86,12.14,4.14,21,14.619047619,2498.98,0.538,0.3876190476,6
0.06417,0,5.96,0,0.499,5.933,68.2,3.3603,5,279,19.2,9.68,2.5727,139.221,0.001788530466,5.499,68,0.933,-273.04,10.96,0.96,19.2,14.53125,1662.84,0.499,0.3104166667,6
0.09744,0,5.96,0,0.499,5.841,61.4,3.3779,5,279,19.2,11.41,2.4631,139.221,0.001788530466,5.499,61,0.841,-273.04,10.96,0.96,19.2,14.53125,1662.84,0.499,0.3104166667,6
0.08014,0,5.96,0,0.499,5.85,41.5,3.9342,5,279,19.2,8.77,1.9158,139.221,0.001788530466,5.499,42,0.85,-273.04,10.96,0.96,19.2,14.53125,1662.84,0.499,0.3104166667,6
0.17505,0,5.96,0,0.499,5.966,30.2,3.8473,5,279,19.2,10.13,2.1187,139.221,0.001788530466,5.499,30,0.966,-273.04,10.96,0.96,19.2,14.53125,1662.84,0.499,0.3104166667,6
0.02763,75,2.95,0,0.428,6.595,21.8,5.4011,3,252,18.3,4.32,1.1939,107.856,0.001698412698,3.428,22,3.595,-249.05,5.95,-0.05,18.3,13.770491803,743.4,0.428,0.1612021858,7
0.03359,75,2.95,0,0.428,7.024,15.8,5.4011,3,252,18.3,1.98,1.6229,107.856,0.001698412698,3.428,16,4.024,-249.05,5.95,-0.05,18.3,13.770491803,743.4,0.428,0.1612021858,7
0.12744,0,6.91,0,0.448,6.77,2.9,5.7209,3,233,17.9,4.84,1.0491,104.384,0.001922746781,3.448,3,3.77,-226.09,9.91,3.91,17.9,13.016759777,1610.03,0.448,0.3860335196,7
0.1415,0,6.91,0,0.448,6.169,6.6,5.7209,3,233,17.9,5.81,0.4481,104.384,0.001922746781,3.448,7,3.169,-226.09,9.91,3.91,17.9,13.016759777,1610.03,0.448,0.3860335196,6
0.15936,0,6.91,0,0.448,6.211,6.5,5.7209,3,233,17.9,7.44,0.4901,104.384,0.001922746781,3.448,7,3.211,-226.09,9.91,3.91,17.9,13.016759777,1610.03,0.448,0.3860335196,6
0.12269,0,6.91,0,0.448,6.069,40,5.7209,3,233,17.9,9.55,0.3481,104.384,0.001922746781,3.448,40,3.069,-226.09,9.91,3.91,17.9,13.016759777,1610.03,0.448,0.3860335196,6
0.17142,0,6.91,0,0.448,5.682,33.8,5.1004,3,233,17.9,10.21,0.5816,104.384,0.001922746781,3.448,34,2.682,-226.09,9.91,3.91,17.9,13.016759777,1610.03,0.448,0.3860335196,6
0.18836,0,6.91,0,0.448,5.786,33.3,5.1004,3,233,17.9,14.15,0.6856,104.384,0.001922746781,3.448,33,2.786,-226.09,9.91,3.91,17.9,13.016759777,1610.03,0.448,0.3860335196,6
0.22927,0,6.91,0,0.448,6.03,85.5,5.6894,3,233,17.9,18.8,0.3406,104.384,0.001922746781,3.448,86,3.03,-226.09,9.91,3.91,17.9,13.016759777,1610.03,0.448,0.3860335196,6
0.25387,0,6.91,0,0.448,5.399,95.3,5.87,3,233,17.9,30.81,-0.471,104.384,0.001922746781,3.448,95,2.399,-226.09,9.91,3.91,17.9,13.016759777,1610.03,0.448,0.3860335196,5
0.21977,0,6.91,0,0.448,5.602,62,6.0877,3,233,17.9,16.2,-0.4857,104.384,0.001922746781,3.448,62,2.602,-226.09,9.91,3.91,17.9,13.016759777,1610.03,0.448,0.3860335196,6
0.08873,21,5.64,0,0.439,5.963,45.7,6.8147,4,243,16.8,13.45,-0.8517,106.677,0.001806584362,4.439,46,1.963,-237.36,9.64,1.64,16.8,14.464285714,1370.52,0.439,0.3357142857,6
0.04337,21,5.64,0,0.439,6.115,63,6.8147,4,243,16.8,9.43,-0.6997,106.677,0.001806584362,4.439,63,2.115,-237.36,9.64,1.64,16.8,14.464285714,1370.52,0.439,0.3357142857,6
0.0536,21,5.64,0,0.439,6.511,21.1,6.8147,4,243,16.8,5.28,-0.3037,106.677,0.001806584362,4.439,21,2.511,-237.36,9.64,1.64,16.8,14.464285714,1370.52,0.439,0.3357142857,7
0.04981,21,5.64,0,0.439,5.998,21.4,6.8147,4,243,16.8,8.43,-0.8167,106.677,0.001806584362,4.439,21,1.998,-237.36,9.64,1.64,16.8,14.464285714,1370.52,0.439,0.3357142857,6
0.0136,75,4,0,0.41,5.888,47.6,7.3197,3,469,21.1,14.8,-1.4317,192.29,0.0008742004264,3.41,48,2.888,-465,7,1,21.1,22.227488152,1876,0.41,0.1895734597,6
0.01311,90,1.22,0,0.403,7.249,21.9,8.6966,5,226,17.9,4.81,-1.4476,91.078,0.001783185841,5.403,22,2.249,-224.78,6.22,-3.78,17.9,12.625698324,275.72,0.403,0.06815642458,7
0.02055,85,0.74,0,0.41,6.383,35.7,9.1876,2,313,17.3,5.77,-2.8046,128.33,0.001309904153,2.41,36,4.383,-312.26,2.74,-1.26,17.3,18.092485549,231.62,0.41,0.04277456647,6
0.01432,100,1.32,0,0.411,6.816,40.5,8.3248,5,256,15.1,3.95,-1.5088,105.216,0.00160546875,5.411,41,1.816,-254.68,6.32,-3.68,15.1,16.953642384,337.92,0.411,0.08741721854,7
0.15445,25,5.13,0,0.453,6.145,29.2,7.8148,8,284,19.7,6.86,-1.6698,128.652,0.001595070423,8.453,29,-1.855,-278.87,13.13,-2.87,19.7,14.416243655,1456.92,0.453,0.2604060914,6
0.10328,25,5.13,0,0.453,5.927,47.2,6.932,8,284,19.7,9.22,-1.005,128.652,0.001595070423,8.453,47,-2.073,-278.87,13.13,-2.87,19.7,14.416243655,1456.92,0.453,0.2604060914,6
0.14932,25,5.13,0,0.453,5.741,66.2,7.2254,8,284,19.7,13.15,-1.4844,128.652,0.001595070423,8.453,66,-2.259,-278.87,13.13,-2.87,19.7,14.416243655,1456.92,0.453,0.2604060914,6
0.17171,25,5.13,0,0.453,5.966,93.4,6.8185,8,284,19.7,14.44,-0.8525,128.652,0.001595070423,8.453,93,-2.034,-278.87,13.13,-2.87,19.7,14.416243655,1456.92,0.453,0.2604060914,6
0.11027,25,5.13,0,0.453,6.456,67.8,7.2255,8,284,19.7,6.73,-0.7695,128.652,0.001595070423,8.453,68,-1.544,-278.87,13.13,-2.87,19.7,14.416243655,1456.92,0.453,0.2604060914,6
0.1265,25,5.13,0,0.453,6.762,43.4,7.9809,8,284,19.7,9.5,-1.2189,128.652,0.001595070423,8.453,43,-1.238,-278.87,13.13,-2.87,19.7,14.416243655,1456.92,0.453,0.2604060914,7
0.01951,17.5,1.38,0,0.4161,7.104,59.5,9.2229,3,216,18.6,8.05,-2.1189,89.8776,0.001926388889,3.4161,60,4.104,-214.62,4.38,-1.62,18.6,11.612903226,298.08,0.4161,0.07419354839,7
0.03584,80,3.37,0,0.398,6.29,17.8,6.6115,4,337,16.1,4.67,-0.3215,134.126,0.001181008902,4.398,18,2.29,-333.63,7.37,-0.63,16.1,20.931677019,1135.69,0.398,0.2093167702,6
0.04379,80,3.37,0,0.398,5.787,31.1,6.6115,4,337,16.1,10.24,-0.8245,134.126,0.001181008902,4.398,31,1.787,-333.63,7.37,-0.63,16.1,20.931677019,1135.69,0.398,0.2093167702,6
0.05789,12.5,6.07,0,0.409,5.878,21.4,6.498,4,345,18.9,8.1,-0.62,141.105,0.001185507246,4.409,21,1.878,-338.93,10.07,2.07,18.9,18.253968254,2094.15,0.409,0.3211640212,6
0.13554,12.5,6.07,0,0.409,5.594,36.8,6.498,4,345,18.9,13.09,-0.904,141.105,0.001185507246,4.409,37,1.594,-338.93,10.07,2.07,18.9,18.253968254,2094.15,0.409,0.3211640212,6
0.12816,12.5,6.07,0,0.409,5.885,33,6.498,4,345,18.9,8.79,-0.613,141.105,0.001185507246,4.409,33,1.885,-338.93,10.07,2.07,18.9,18.253968254,2094.15,0.409,0.3211640212,6
0.08826,0,10.81,0,0.413,6.417,6.6,5.2873,4,305,19.2,6.72,1.1297,125.965,0.001354098361,4.413,7,2.417,-294.19,14.81,6.81,19.2,15.885416667,3297.05,0.413,0.5630208333,6
0.15876,0,10.81,0,0.413,5.961,17.5,5.2873,4,305,19.2,9.88,0.6737,125.965,0.001354098361,4.413,18,1.961,-294.19,14.81,6.81,19.2,15.885416667,3297.05,0.413,0.5630208333,6
0.09164,0,10.81,0,0.413,6.065,7.8,5.2873,4,305,19.2,5.52,0.7777,125.965,0.001354098361,4.413,8,2.065,-294.19,14.81,6.81,19.2,15.885416667,3297.05,0.413,0.5630208333,6
0.19539,0,10.81,0,0.413,6.245,6.2,5.2873,4,305,19.2,7.54,0.9577,125.965,0.001354098361,4.413,6,2.245,-294.19,14.81,6.81,19.2,15.885416667,3297.05,0.413,0.5630208333,6
0.07896,0,12.83,0,0.437,6.273,6,4.2515,5,398,18.7,6.78,2.0215,173.926,0.00109798995,5.437,6,1.273,-385.17,17.83,7.83,18.7,21.28342246,5106.34,0.437,0.6860962567,6
0.09512,0,12.83,0,0.437,6.286,45,4.5026,5,398,18.7,8.94,1.7834,173.926,0.00109798995,5.437,45,1.286,-385.17,17.83,7.83,18.7,21.28342246,5106.34,0.437,0.6860962567,6
0.10153,0,12.83,0,0.437,6.279,74.5,4.0522,5,398,18.7,11.97,2.2268,173.926,0.00109798995,5.437,75,1.279,-385.17,17.83,7.83,18.7,21.28342246,5106.34,0.437,0.6860962567,6
0.08707,0,12.83,0,0.437,6.14,45.8,4.0905,5,398,18.7,10.27,2.0495,173.926,0.00109798995,5.437,46,1.14,-385.17,17.83,7.83,18.7,21.28342246,5106.34,0.437,0.6860962567,6
0.05646,0,12.83,0,0.437,6.232,53.7,5.0141,5,398,18.7,12.34,1.2179,173.926,0.00109798995,5.437,54,1.232,-385.17,17.83,7.83,18.7,21.28342246,5106.34,0.437,0.6860962567,6
0.08387,0,12.83,0,0.437,5.874,36.6,4.5026,5,398,18.7,9.1,1.3714,173.926,0.00109798995,5.437,37,0.874,-385.17,17.83,7.83,18.7,21.28342246,5106.34,0.437,0.6860962567,6
0.04113,25,4.86,0,0.426,6.727,33.5,5.4007,4,281,19,5.29,1.3263,119.706,0.001516014235,4.426,34,2.727,-276.14,8.86,0.86,19,14.789473684,1365.66,0.426,0.2557894737,7
0.04462,25,4.86,0,0.426,6.619,70.4,5.4007,4,281,19,7.22,1.2183,119.706,0.001516014235,4.426,70,2.619,-276.14,8.86,0.86,19,14.789473684,1365.66,0.426,0.2557894737,7
0.03659,25,4.86,0,0.426,6.302,32.2,5.4007,4,281,19,6.72,0.9013,119.706,0.001516014235,4.426,32,2.302,-276.14,8.86,0.86,19,14.789473684,1365.66,0.426,0.2557894737,6
0.03551,25,4.86,0,0.426,6.167,46.7,5.4007,4,281,19,7.51,0.7663,119.706,0.001516014235,4.426,47,2.167,-276.14,8.86,0.86,19,14.789473684,1365.66,0.426,0.2557894737,6
0.05059,0,4.49,0,0.449,6.389,48,4.7794,3,247,18.5,9.62,1.6096,110.903,0.001817813765,3.449,48,3.389,-242.51,7.49,1.49,18.5,13.351351351,1109.03,0.449,0.2427027027,6
0.05735,0,4.49,0,0.449,6.63,56.1,4.4377,3,247,18.5,6.53,2.1923,110.903,0.001817813765,3.449,56,3.63,-242.51,7.49,1.49,18.5,13.351351351,1109.03,0.449,0.2427027027,7
0.05188,0,4.49,0,0.449,6.015,45.1,4.4272,3,247,18.5,12.86,1.5878,110.903,0.001817813765,3.449,45,3.015,-242.51,7.49,1.49,18.5,13.351351351,1109.03,0.449,0.2427027027,6
0.07151,0,4.49,0,0.449,6.121,56.8,3.7476,3,247,18.5,8.44,2.3734,110.903,0.001817813765,3.449,57,3.121,-242.51,7.49,1.49,18.5,13.351351351,1109.03,0.449,0.2427027027,6
0.0566,0,3.41,0,0.489,7.007,86.3,3.4217,2,270,17.8,5.5,3.5853,132.03,0.001811111111,2.489,86,5.007,-266.59,5.41,1.41,17.8,15.168539326,920.7,0.489,0.1915730337,7
0.05302,0,3.41,0,0.489,7.079,63.1,3.4145,2,270,17.8,5.7,3.6645,132.03,0.001811111111,2.489,63,5.079,-266.59,5.41,1.41,17.8,15.168539326,920.7,0.489,0.1915730337,7
0.04684,0,3.41,0,0.489,6.417,66.1,3.0923,2,270,17.8,8.81,3.3247,132.03,0.001811111111,2.489,66,4.417,-266.59,5.41,1.41,17.8,15.168539326,920.7,0.489,0.1915730337,6
0.03932,0,3.41,0,0.489,6.405,73.9,3.0921,2,270,17.8,8.2,3.3129,132.03,0.001811111111,2.489,74,4.405,-266.59,5.41,1.41,17.8,15.168539326,920.7,0.489,0.1915730337,6
0.04203,28,15.04,0,0.464,6.442,53.6,3.6659,4,270,18.2,8.16,2.7761,125.28,0.001718518519,4.464,54,2.442,-254.96,19.04,11.04,18.2,14.835164835,4060.8,0.464,0.8263736264,6
0.02875,28,15.04,0,0.464,6.211,28.9,3.6659,4,270,18.2,6.21,2.5451,125.28,0.001718518519,4.464,29,2.211,-254.96,19.04,11.04,18.2,14.835164835,4060.8,0.464,0.8263736264,6
0.04294,28,15.04,0,0.464,6.249,77.3,3.615,4,270,18.2,10.59,2.634,125.28,0.001718518519,4.464,77,2.249,-254.96,19.04,11.04,18.2,14.835164835,4060.8,0.464,0.8263736264,6
0.12204,0,2.89,0,0.445,6.625,57.8,3.4952,2,276,18,6.65,3.1298,122.82,0.001612318841,2.445,58,4.625,-273.11,4.89,0.89,18,15.333333333,797.64,0.445,0.1605555556,7
0.11504,0,2.89,0,0.445,6.163,69.6,3.4952,2,276,18,11.34,2.6678,122.82,0.001612318841,2.445,70,4.163,-273.11,4.89,0.89,18,15.333333333,797.64,0.445,0.1605555556,6
0.12083,0,2.89,0,0.445,8.069,76,3.4952,2,276,18,4.21,4.5738,122.82,0.001612318841,2.445,76,6.069,-273.11,4.89,0.89,18,15.333333333,797.64,0.445,0.1605555556,8
0.08187,0,2.89,0,0.445,7.82,36.9,3.4952,2,276,18,3.57,4.3248,122.82,0.001612318841,2.445,37,5.82,-273.11,4.89,0.89,18,15.333333333,797.64,0.445,0.1605555556,8
0.0686,0,2.89,0,0.445,7.416,62.5,3.4952,2,276,18,6.19,3.9208,122.82,0.001612318841,2.445,63,5.416,-273.11,4.89,0.89,18,15.333333333,797.64,0.445,0.1605555556,7
0.14866,0,8.56,0,0.52,6.727,79.9,2.7778,5,384,20.9,9.42,3.9492,199.68,0.001354166667,5.52,80,1.727,-375.44,13.56,3.56,20.9,18.373205742,3287.04,0.52,0.409569378,7
0.11432,0,8.56,0,0.52,6.781,71.3,2.8561,5,384,20.9,7.67,3.9249,199.68,0.001354166667,5.52,71,1.781,-375.44,13.56,3.56,20.9,18.373205742,3287.04,0.52,0.409569378,7
0.22876,0,8.56,0,0.52,6.405,85.4,2.7147,5,384,20.9,10.63,3.6903,199.68,0.001354166667,5.52,85,1.405,-375.44,13.56,3.56,20.9,18.373205742,3287.04,0.52,0.409569378,6
0.21161,0,8.56,0,0.52,6.137,87.4,2.7147,5,384,20.9,13.44,3.4223,199.68,0.001354166667,5.52,87,1.137,-375.44,13.56,3.56,20.9,18.373205742,3287.04,0.52,0.409569378,6
0.1396,0,8.56,0,0.52,6.167,90,2.421,5,384,20.9,12.33,3.746,199.68,0.001354166667,5.52,90,1.167,-375.44,13.56,3.56,20.9,18.373205742,3287.04,0.52,0.409569378,6
0.13262,0,8.56,0,0.52,5.851,96.7,2.1069,5,384,20.9,16.47,3.7441,199.68,0.001354166667,5.52,97,0.851,-375.44,13.56,3.56,20.9,18.373205742,3287.04,0.52,0.409569378,6
0.1712,0,8.56,0,0.52,5.836,91.9,2.211,5,384,20.9,18.66,3.625,199.68,0.001354166667,5.52,92,0.836,-375.44,13.56,3.56,20.9,18.373205742,3287.04,0.52,0.409569378,6
0.13117,0,8.56,0,0.52,6.127,85.2,2.1224,5,384,20.9,14.09,4.0046,199.68,0.001354166667,5.52,85,1.127,-375.44,13.56,3.56,20.9,18.373205742,3287.04,0.52,0.409569378,6
0.12802,0,8.56,0,0.52,6.474,97.1,2.4329,5,384,20.9,12.27,4.0411,199.68,0.001354166667,5.52,97,1.474,-375.44,13.56,3.56,20.9,18.373205742,3287.04,0.52,0.409569378,6
0.26363,0,8.56,0,0.52,6.229,91.2,2.5451,5,384,20.9,15.55,3.6839,199.68,0.001354166667,5.52,91,1.229,-375.44,13.56,3.56,20.9,18.373205742,3287.04,0.52,0.409569378,6
0.10793,0,8.56,0,0.52,6.195,54.4,2.7778,5,384,20.9,13,3.4172,199.68,0.001354166667,5.52,54,1.195,-375.44,13.56,3.56,20.9,18.373205742,3287.04,0.52,0.409569378,6
0.10084,0,10.01,0,0.547,6.715,81.6,2.6775,6,432,17.8,10.16,4.0375,236.304,0.001266203704,6.547,82,0.715,-421.99,16.01,4.01,17.8,24.269662921,4324.32,0.547,0.5623595506,7
0.12329,0,10.01,0,0.547,5.913,92.9,2.3534,6,432,17.8,16.21,3.5596,236.304,0.001266203704,6.547,93,-0.087,-421.99,16.01,4.01,17.8,24.269662921,4324.32,0.547,0.5623595506,6
0.22212,0,10.01,0,0.547,6.092,95.4,2.548,6,432,17.8,17.09,3.544,236.304,0.001266203704,6.547,95,0.092,-421.99,16.01,4.01,17.8,24.269662921,4324.32,0.547,0.5623595506,6
0.14231,0,10.01,0,0.547,6.254,84.2,2.2565,6,432,17.8,10.45,3.9975,236.304,0.001266203704,6.547,84,0.254,-421.99,16.01,4.01,17.8,24.269662921,4324.32,0.547,0.5623595506,6
0.17134,0,10.01,0,0.547,5.928,88.2,2.4631,6,432,17.8,15.76,3.4649,236.304,0.001266203704,6.547,88,-0.072,-421.99,16.01,4.01,17.8,24.269662921,4324.32,0.547,0.5623595506,6
0.13158,0,10.01,0,0.547,6.176,72.5,2.7301,6,432,17.8,12.04,3.4459,236.304,0.001266203704,6.547,73,0.176,-421.99,16.01,4.01,17.8,24.269662921,4324.32,0.547,0.5623595506,6
0.15098,0,10.01,0,0.547,6.021,82.6,2.7474,6,432,17.8,10.3,3.2736,236.304,0.001266203704,6.547,83,0.021,-421.99,16.01,4.01,17.8,24.269662921,4324.32,0.547,0.5623595506,6
0.13058,0,10.01,0,0.547,5.872,73.1,2.4775,6,432,17.8,15.37,3.3945,236.304,0.001266203704,6.547,73,-0.128,-421.99,16.01,4.01,17.8,24.269662921,4324.32,0.547,0.5623595506,6
0.14476,0,10.01,0,0.547,5.731,65.2,2.7592,6,432,17.8,13.61,2.9718,236.304,0.001266203704,6.547,65,-0.269,-421.99,16.01,4.01,17.8,24.269662921,4324.32,0.547,0.5623595506,6
0.06899,0,25.65,0,0.581,5.87,69.7,2.2577,2,188,19.1,14.37,3.6123,109.228,0.003090425532,2.581,70,3.87,-162.35,27.65,23.65,19.1,9.842931937,4822.2,0.581,1.342931937,6
0.07165,0,25.65,0,0.581,6.004,84.1,2.1974,2,188,19.1,14.27,3.8066,109.228,0.003090425532,2.581,84,4.004,-162.35,27.65,23.65,19.1,9.842931937,4822.2,0.581,1.342931937,6
0.09299,0,25.65,0,0.581,5.961,92.9,2.0869,2,188,19.1,17.93,3.8741,109.228,0.003090425532,2.581,93,3.961,-162.35,27.65,23.65,19.1,9.842931937,4822.2,0.581,1.342931937,6
0.15038,0,25.65,0,0.581,5.856,97,1.9444,2,188,19.1,25.41,3.9116,109.228,0.003090425532,2.581,97,3.856,-162.35,27.65,23.65,19.1,9.842931937,4822.2,0.581,1.342931937,6
0.09849,0,25.65,0,0.581,5.879,95.8,2.0063,2,188,19.1,17.58,3.8727,109.228,0.003090425532,2.581,96,3.879,-162.35,27.65,23.65,19.1,9.842931937,4822.2,0.581,1.342931937,6
0.16902,0,25.65,0,0.581,5.986,88.4,1.9929,2,188,19.1,14.81,3.9931,109.228,0.003090425532,2.581,88,3.986,-162.35,27.65,23.65,19.1,9.842931937,4822.2,0.581,1.342931937,6
0.38735,0,25.65,0,0.581,5.613,95.6,1.7572,2,188,19.1,27.26,3.8558,109.228,0.003090425532,2.581,96,3.613,-162.35,27.65,23.65,19.1,9.842931937,4822.2,0.581,1.342931937,6
0.25915,0,21.89,0,0.624,5.693,96,1.7883,4,437,21.2,17.19,3.9047,272.688,0.00142791762,4.624,96,1.693,-415.11,25.89,17.89,21.2,20.613207547,9565.93,0.624,1.03254717,6
0.32543,0,21.89,0,0.624,6.431,98.8,1.8125,4,437,21.2,15.39,4.6185,272.688,0.00142791762,4.624,99,2.431,-415.11,25.89,17.89,21.2,20.613207547,9565.93,0.624,1.03254717,6
0.88125,0,21.89,0,0.624,5.637,94.7,1.9799,4,437,21.2,18.34,3.6571,272.688,0.00142791762,4.624,95,1.637,-415.11,25.89,17.89,21.2,20.613207547,9565.93,0.624,1.03254717,6
0.34006,0,21.89,0,0.624,6.458,98.9,2.1185,4,437,21.2,12.6,4.3395,272.688,0.00142791762,4.624,99,2.458,-415.11,25.89,17.89,21.2,20.613207547,9565.93,0.624,1.03254717,6
1.19294,0,21.89,0,0.624,6.326,97.7,2.271,4,437,21.2,12.26,4.055,272.688,0.00142791762,4.624,98,2.326,-415.11,25.89,17.89,21.2,20.613207547,9565.93,0.624,1.03254717,6
0.59005,0,21.89,0,0.624,6.372,97.9,2.3274,4,437,21.2,11.12,4.0446,272.688,0.00142791762,4.624,98,2.372,-415.11,25.89,17.89,21.2,20.613207547,9565.93,0.624,1.03254717,6
0.32982,0,21.89,0,0.624,5.822,95.4,2.4699,4,437,21.2,15.03,3.3521,272.688,0.00142791762,4.624,95,1.822,-415.11,25.89,17.89,21.2,20.613207547,9565.93,0.624,1.03254717,6
0.97617,0,21.89,0,0.624,5.757,98.4,2.346,4,437,21.2,17.31,3.411,272.688,0.00142791762,4.624,98,1.757,-415.11,25.89,17.89,21.2,20.613207547,9565.93,0.624,1.03254717,6
0.55778,0,21.89,0,0.624,6.335,98.2,2.1107,4,437,21.2,16.96,4.2243,272.688,0.00142791762,4.624,98,2.335,-415.11,25.89,17.89,21.2,20.613207547,9565.93,0.624,1.03254717,6
0.32264,0,21.89,0,0.624,5.942,93.5,1.9669,4,437,21.2,16.9,3.9751,272.688,0.00142791762,4.624,94,1.942,-415.11,25.89,17.89,21.2,20.613207547,9565.93,0.624,1.03254717,6
0.35233,0,21.89,0,0.624,6.454,98.4,1.8498,4,437,21.2,14.59,4.6042,272.688,0.00142791762,4.624,98,2.454,-415.11,25.89,17.89,21.2,20.613207547,9565.93,0.624,1.03254717,6
0.2498,0,21.89,0,0.624,5.857,98.2,1.6686,4,437,21.2,21.32,4.1884,272.688,0.00142791762,4.624,98,1.857,-415.11,25.89,17.89,21.2,20.613207547,9565.93,0.624,1.03254717,6
0.54452,0,21.89,0,0.624,6.151,97.9,1.6687,4,437,21.2,18.46,4.4823,272.688,0.00142791762,4.624,98,2.151,-415.11,25.89,17.89,21.2,20.613207547,9565.93,0.624,1.03254717,6
0.2909,0,21.89,0,0.624,6.174,93.6,1.6119,4,437,21.2,24.16,4.5621,272.688,0.00142791762,4.624,94,2.174,-415.11,25.89,17.89,21.2,20.613207547,9565.93,0.624,1.03254717,6
1.62864,0,21.89,0,0.624,5.019,100,1.4394,4,437,21.2,34.41,3.5796,272.688,0.00142791762,4.624,100,1.019,-415.11,25.89,17.89,21.2,20.613207547,9565.93,0.624,1.03254717,5
3.32105,0,19.58,1,0.871,5.403,100,1.3216,5,403,14.7,26.82,4.0814,351.013,0.002161290323,5.871,100,0.403,-383.42,24.58,14.58,15.7,27.414965986,7890.74,1.871,1.331972789,5
4.0974,0,19.58,0,0.871,5.468,100,1.4118,5,403,14.7,26.42,4.0562,351.013,0.002161290323,5.871,100,0.468,-383.42,24.58,14.58,14.7,27.414965986,7890.74,0.871,1.331972789,5
2.77974,0,19.58,0,0.871,4.903,97.8,1.3459,5,403,14.7,29.29,3.5571,351.013,0.002161290323,5.871,98,-0.097,-383.42,24.58,14.58,14.7,27.414965986,7890.74,0.871,1.331972789,5
2.37934,0,19.58,0,0.871,6.13,100,1.4191,5,403,14.7,27.8,4.7109,351.013,0.002161290323,5.871,100,1.13,-383.42,24.58,14.58,14.7,27.414965986,7890.74,0.871,1.331972789,6
2.15505,0,19.58,0,0.871,5.628,100,1.5166,5,403,14.7,16.65,4.1114,351.013,0.002161290323,5.871,100,0.628,-383.42,24.58,14.58,14.7,27.414965986,7890.74,0.871,1.331972789,6
2.36862,0,19.58,0,0.871,4.926,95.7,1.4608,5,403,14.7,29.53,3.4652,351.013,0.002161290323,5.871,96,-0.074,-383.42,24.58,14.58,14.7,27.414965986,7890.74,0.871,1.331972789,5
2.33099,0,19.58,0,0.871,5.186,93.8,1.5296,5,403,14.7,28.32,3.6564,351.013,0.002161290323,5.871,94,0.186,-383.42,24.58,14.58,14.7,27.414965986,7890.74,0.871,1.331972789,5
2.73397,0,19.58,0,0.871,5.597,94.9,1.5257,5,403,14.7,21.45,4.0713,351.013,0.002161290323,5.871,95,0.597,-383.42,24.58,14.58,14.7,27.414965986,7890.74,0.871,1.331972789,6
1.6566,0,19.58,0,0.871,6.122,97.3,1.618,5,403,14.7,14.1,4.504,351.013,0.002161290323,5.871,97,1.122,-383.42,24.58,14.58,14.7,27.414965986,7890.74,0.871,1.331972789,6
1.49632,0,19.58,0,0.871,5.404,100,1.5916,5,403,14.7,13.28,3.8124,351.013,0.002161290323,5.871,100,0.404,-383.42,24.58,14.58,14.7,27.414965986,7890.74,0.871,1.331972789,5
1.12658,0,19.58,1,0.871,5.012,88,1.6102,5,403,14.7,12.12,3.4018,351.013,0.002161290323,5.871,88,0.012,-383.42,24.58,14.58,15.7,27.414965986,7890.74,1.871,1.331972789,5
2.14918,0,19.58,0,0.871,5.709,98.5,1.6232,5,403,14.7,15.79,4.0858,351.013,0.002161290323,5.871,99,0.709,-383.42,24.58,14.58,14.7,27.414965986,7890.74,0.871,1.331972789,6
1.41385,0,19.58,1,0.871,6.129,96,1.7494,5,403,14.7,15.12,4.3796,351.013,0.002161290323,5.871,96,1.129,-383.42,24.58,14.58,15.7,27.414965986,7890.74,1.871,1.331972789,6
3.53501,0,19.58,1,0.871,6.152,82.6,1.7455,5,403,14.7,15.02,4.4065,351.013,0.002161290323,5.871,83,1.152,-383.42,24.58,14.58,15.7,27.414965986,7890.74,1.871,1.331972789,6
2.44668,0,19.58,0,0.871,5.272,94,1.7364,5,403,14.7,16.14,3.5356,351.013,0.002161290323,5.871,94,0.272,-383.42,24.58,14.58,14.7,27.414965986,7890.74,0.871,1.331972789,5
1.22358,0,19.58,0,0.605,6.943,97.4,1.8773,5,403,14.7,4.59,5.0657,243.815,0.001501240695,5.605,97,1.943,-383.42,24.58,14.58,14.7,27.414965986,7890.74,0.605,1.331972789,7
1.34284,0,19.58,0,0.605,6.066,100,1.7573,5,403,14.7,6.43,4.3087,243.815,0.001501240695,5.605,100,1.066,-383.42,24.58,14.58,14.7,27.414965986,7890.74,0.605,1.331972789,6
1.42502,0,19.58,0,0.871,6.51,100,1.7659,5,403,14.7,7.39,4.7441,351.013,0.002161290323,5.871,100,1.51,-383.42,24.58,14.58,14.7,27.414965986,7890.74,0.871,1.331972789,7
1.27346,0,19.58,1,0.605,6.25,92.6,1.7984,5,403,14.7,5.5,4.4516,243.815,0.001501240695,5.605,93,1.25,-383.42,24.58,14.58,15.7,27.414965986,7890.74,1.605,1.331972789,6
1.46336,0,19.58,0,0.605,7.489,90.8,1.9709,5,403,14.7,1.73,5.5181,243.815,0.001501240695,5.605,91,2.489,-383.42,24.58,14.58,14.7,27.414965986,7890.74,0.605,1.331972789,7
1.83377,0,19.58,1,0.605,7.802,98.2,2.0407,5,403,14.7,1.92,5.7613,243.815,0.001501240695,5.605,98,2.802,-383.42,24.58,14.58,15.7,27.414965986,7890.74,1.605,1.331972789,8
1.51902,0,19.58,1,0.605,8.375,93.9,2.162,5,403,14.7,3.32,6.213,243.815,0.001501240695,5.605,94,3.375,-383.42,24.58,14.58,15.7,27.414965986,7890.74,1.605,1.331972789,8
2.24236,0,19.58,0,0.605,5.854,91.8,2.422,5,403,14.7,11.64,3.432,243.815,0.001501240695,5.605,92,0.854,-383.42,24.58,14.58,14.7,27.414965986,7890.74,0.605,1.331972789,6
2.924,0,19.58,0,0.605,6.101,93,2.2834,5,403,14.7,9.81,3.8176,243.815,0.001501240695,5.605,93,1.101,-383.42,24.58,14.58,14.7,27.414965986,7890.74,0.605,1.331972789,6
2.01019,0,19.58,0,0.605,7.929,96.2,2.0459,5,403,14.7,3.7,5.8831,243.815,0.001501240695,5.605,96,2.929,-383.42,24.58,14.58,14.7,27.414965986,7890.74,0.605,1.331972789,8
1.80028,0,19.58,0,0.605,5.877,79.2,2.4259,5,403,14.7,12.14,3.4511,243.815,0.001501240695,5.605,79,0.877,-383.42,24.58,14.58,14.7,27.414965986,7890.74,0.605,1.331972789,6
2.3004,0,19.58,0,0.605,6.319,96.1,2.1,5,403,14.7,11.1,4.219,243.815,0.001501240695,5.605,96,1.319,-383.42,24.58,14.58,14.7,27.414965986,7890.74,0.605,1.331972789,6
2.44953,0,19.58,0,0.605,6.402,95.2,2.2625,5,403,14.7,11.32,4.1395,243.815,0.001501240695,5.605,95,1.402,-383.42,24.58,14.58,14.7,27.414965986,7890.74,0.605,1.331972789,6
1.20742,0,19.58,0,0.605,5.875,94.6,2.4259,5,403,14.7,14.43,3.4491,243.815,0.001501240695,5.605,95,0.875,-383.42,24.58,14.58,14.7,27.414965986,7890.74,0.605,1.331972789,6
2.3139,0,19.58,0,0.605,5.88,97.3,2.3887,5,403,14.7,12.03,3.4913,243.815,0.001501240695,5.605,97,0.88,-383.42,24.58,14.58,14.7,27.414965986,7890.74,0.605,1.331972789,6
0.13914,0,4.05,0,0.51,5.572,88.5,2.5961,5,296,16.6,14.69,2.9759,150.96,0.001722972973,5.51,89,0.572,-291.95,9.05,-0.95,16.6,17.831325301,1198.8,0.51,0.2439759036,6
0.09178,0,4.05,0,0.51,6.416,84.1,2.6463,5,296,16.6,9.04,3.7697,150.96,0.001722972973,5.51,84,1.416,-291.95,9.05,-0.95,16.6,17.831325301,1198.8,0.51,0.2439759036,6
0.08447,0,4.05,0,0.51,5.859,68.7,2.7019,5,296,16.6,9.64,3.1571,150.96,0.001722972973,5.51,69,0.859,-291.95,9.05,-0.95,16.6,17.831325301,1198.8,0.51,0.2439759036,6
0.06664,0,4.05,0,0.51,6.546,33.1,3.1323,5,296,16.6,5.33,3.4137,150.96,0.001722972973,5.51,33,1.546,-291.95,9.05,-0.95,16.6,17.831325301,1198.8,0.51,0.2439759036,7
0.07022,0,4.05,0,0.51,6.02,47.2,3.5549,5,296,16.6,10.11,2.4651,150.96,0.001722972973,5.51,47,1.02,-291.95,9.05,-0.95,16.6,17.831325301,1198.8,0.51,0.2439759036,6
0.05425,0,4.05,0,0.51,6.315,73.4,3.3175,5,296,16.6,6.29,2.9975,150.96,0.001722972973,5.51,73,1.315,-291.95,9.05,-0.95,16.6,17.831325301,1198.8,0.51,0.2439759036,6
0.06642,0,4.05,0,0.51,6.86,74.4,2.9153,5,296,16.6,6.92,3.9447,150.96,0.001722972973,5.51,74,1.86,-291.95,9.05,-0.95,16.6,17.831325301,1198.8,0.51,0.2439759036,7
0.0578,0,2.46,0,0.488,6.98,58.4,2.829,3,193,17.8,5.04,4.151,94.184,0.002528497409,3.488,58,3.98,-190.54,5.46,-0.54,17.8,10.842696629,474.78,0.488,0.1382022472,7
0.06588,0,2.46,0,0.488,7.765,83.3,2.741,3,193,17.8,7.56,5.024,94.184,0.002528497409,3.488,83,4.765,-190.54,5.46,-0.54,17.8,10.842696629,474.78,0.488,0.1382022472,8
0.06888,0,2.46,0,0.488,6.144,62.2,2.5979,3,193,17.8,9.45,3.5461,94.184,0.002528497409,3.488,62,3.144,-190.54,5.46,-0.54,17.8,10.842696629,474.78,0.488,0.1382022472,6
0.09103,0,2.46,0,0.488,7.155,92.2,2.7006,3,193,17.8,4.82,4.4544,94.184,0.002528497409,3.488,92,4.155,-190.54,5.46,-0.54,17.8,10.842696629,474.78,0.488,0.1382022472,7
0.10008,0,2.46,0,0.488,6.563,95.6,2.847,3,193,17.8,5.68,3.716,94.184,0.002528497409,3.488,96,3.563,-190.54,5.46,-0.54,17.8,10.842696629,474.78,0.488,0.1382022472,7
0.08308,0,2.46,0,0.488,5.604,89.8,2.9879,3,193,17.8,13.98,2.6161,94.184,0.002528497409,3.488,90,2.604,-190.54,5.46,-0.54,17.8,10.842696629,474.78,0.488,0.1382022472,6
0.06047,0,2.46,0,0.488,6.153,68.8,3.2797,3,193,17.8,13.15,2.8733,94.184,0.002528497409,3.488,69,3.153,-190.54,5.46,-0.54,17.8,10.842696629,474.78,0.488,0.1382022472,6
0.05602,0,2.46,0,0.488,7.831,53.6,3.1992,3,193,17.8,4.45,4.6318,94.184,0.002528497409,3.488,54,4.831,-190.54,5.46,-0.54,17.8,10.842696629,474.78,0.488,0.1382022472,8
0.07875,45,3.44,0,0.437,6.782,41.1,3.7886,5,398,15.2,6.68,2.9934,173.926,0.00109798995,5.437,41,1.782,-394.56,8.44,-1.56,15.2,26.184210526,1369.12,0.437,0.2263157895,7
0.12579,45,3.44,0,0.437,6.556,29.1,4.5667,5,398,15.2,4.56,1.9893,173.926,0.00109798995,5.437,29,1.556,-394.56,8.44,-1.56,15.2,26.184210526,1369.12,0.437,0.2263157895,7
0.0837,45,3.44,0,0.437,7.185,38.9,4.5667,5,398,15.2,5.39,2.6183,173.926,0.00109798995,5.437,39,2.185,-394.56,8.44,-1.56,15.2,26.184210526,1369.12,0.437,0.2263157895,7
0.09068,45,3.44,0,0.437,6.951,21.5,6.4798,5,398,15.2,5.1,0.4712,173.926,0.00109798995,5.437,22,1.951,-394.56,8.44,-1.56,15.2,26.184210526,1369.12,0.437,0.2263157895,7
0.06911,45,3.44,0,0.437,6.739,30.8,6.4798,5,398,15.2,4.69,0.2592,173.926,0.00109798995,5.437,31,1.739,-394.56,8.44,-1.56,15.2,26.184210526,1369.12,0.437,0.2263157895,7
0.08664,45,3.44,0,0.437,7.178,26.3,6.4798,5,398,15.2,2.87,0.6982,173.926,0.00109798995,5.437,26,2.178,-394.56,8.44,-1.56,15.2,26.184210526,1369.12,0.437,0.2263157895,7
0.02187,60,2.93,0,0.401,6.8,9.9,6.2196,1,265,15.6,5.03,0.5804,106.265,0.001513207547,1.401,10,5.8,-262.07,3.93,1.93,15.6,16.987179487,776.45,0.401,0.1878205128,7
0.01439,60,2.93,0,0.401,6.604,18.8,6.2196,1,265,15.6,4.38,0.3844,106.265,0.001513207547,1.401,19,5.604,-262.07,3.93,1.93,15.6,16.987179487,776.45,0.401,0.1878205128,7
0.01381,80,0.46,0,0.422,7.875,32,5.6484,4,255,14.4,2.97,2.2266,107.61,0.001654901961,4.422,32,3.875,-254.54,4.46,-3.54,14.4,17.708333333,117.3,0.422,0.03194444444,8
0.04011,80,1.52,0,0.404,7.287,34.1,7.309,2,329,12.6,4.08,-0.022,132.916,0.001227963526,2.404,34,5.287,-327.48,3.52,-0.48,12.6,26.111111111,500.08,0.404,0.1206349206,7
0.04666,80,1.52,0,0.404,7.107,36.6,7.309,2,329,12.6,8.61,-0.202,132.916,0.001227963526,2.404,37,5.107,-327.48,3.52,-0.48,12.6,26.111111111,500.08,0.404,0.1206349206,7
0.03768,80,1.52,0,0.404,7.274,38.3,7.309,2,329,12.6,6.62,-0.035,132.916,0.001227963526,2.404,38,5.274,-327.48,3.52,-0.48,12.6,26.111111111,500.08,0.404,0.1206349206,7
0.0315,95,1.47,0,0.403,6.975,15.3,7.6534,3,402,17,4.56,-0.6784,162.006,0.001002487562,3.403,15,3.975,-400.53,4.47,-1.53,17,23.647058824,590.94,0.403,0.08647058824,7
0.01778,95,1.47,0,0.403,7.135,13.9,7.6534,3,402,17,4.45,-0.5184,162.006,0.001002487562,3.403,14,4.135,-400.53,4.47,-1.53,17,23.647058824,590.94,0.403,0.08647058824,7
0.03445,82.5,2.03,0,0.415,6.162,38.4,6.27,2,348,14.7,7.43,-0.108,144.42,0.001192528736,2.415,38,4.162,-345.97,4.03,0.03,14.7,23.673469388,706.44,0.415,0.1380952381,6
0.02177,82.5,2.03,0,0.415,7.61,15.7,6.27,2,348,14.7,3.11,1.34,144.42,0.001192528736,2.415,16,5.61,-345.97,4.03,0.03,14.7,23.673469388,706.44,0.415,0.1380952381,8
0.0351,95,2.68,0,0.4161,7.853,33.2,5.118,4,224,14.7,3.81,2.735,93.2064,0.001857589286,4.4161,33,3.853,-221.32,6.68,-1.32,14.7,15.238095238,600.32,0.4161,0.1823129252,8
0.02009,95,2.68,0,0.4161,8.034,31.9,5.118,4,224,14.7,2.88,2.916,93.2064,0.001857589286,4.4161,32,4.034,-221.32,6.68,-1.32,14.7,15.238095238,600.32,0.4161,0.1823129252,8
0.13642,0,10.59,0,0.489,5.891,22.3,3.9454,4,277,18.6,10.87,1.9456,135.453,0.00176534296,4.489,22,1.891,-266.41,14.59,6.59,18.6,14.892473118,2933.43,0.489,0.5693548387,6
0.22969,0,10.59,0,0.489,6.326,52.5,4.3549,4,277,18.6,10.97,1.9711,135.453,0.00176534296,4.489,53,2.326,-266.41,14.59,6.59,18.6,14.892473118,2933.43,0.489,0.5693548387,6
0.25199,0,10.59,0,0.489,5.783,72.7,4.3549,4,277,18.6,18.06,1.4281,135.453,0.00176534296,4.489,73,1.783,-266.41,14.59,6.59,18.6,14.892473118,2933.43,0.489,0.5693548387,6
0.13587,0,10.59,1,0.489,6.064,59.1,4.2392,4,277,18.6,14.66,1.8248,135.453,0.00176534296,4.489,59,2.064,-266.41,14.59,6.59,19.6,14.892473118,2933.43,1.489,0.5693548387,6
0.43571,0,10.59,1,0.489,5.344,100,3.875,4,277,18.6,23.09,1.469,135.453,0.00176534296,4.489,100,1.344,-266.41,14.59,6.59,19.6,14.892473118,2933.43,1.489,0.5693548387,5
0.17446,0,10.59,1,0.489,5.96,92.1,3.8771,4,277,18.6,17.27,2.0829,135.453,0.00176534296,4.489,92,1.96,-266.41,14.59,6.59,19.6,14.892473118,2933.43,1.489,0.5693548387,6
0.37578,0,10.59,1,0.489,5.404,88.6,3.665,4,277,18.6,23.98,1.739,135.453,0.00176534296,4.489,89,1.404,-266.41,14.59,6.59,19.6,14.892473118,2933.43,1.489,0.5693548387,5
0.21719,0,10.59,1,0.489,5.807,53.8,3.6526,4,277,18.6,16.03,2.1544,135.453,0.00176534296,4.489,54,1.807,-266.41,14.59,6.59,19.6,14.892473118,2933.43,1.489,0.5693548387,6
0.14052,0,10.59,0,0.489,6.375,32.3,3.9454,4,277,18.6,9.38,2.4296,135.453,0.00176534296,4.489,32,2.375,-266.41,14.59,6.59,18.6,14.892473118,2933.43,0.489,0.5693548387,6
0.28955,0,10.59,0,0.489,5.412,9.8,3.5875,4,277,18.6,29.55,1.8245,135.453,0.00176534296,4.489,10,1.412,-266.41,14.59,6.59,18.6,14.892473118,2933.43,0.489,0.5693548387,5
0.19802,0,10.59,0,0.489,6.182,42.4,3.9454,4,277,18.6,9.47,2.2366,135.453,0.00176534296,4.489,42,2.182,-266.41,14.59,6.59,18.6,14.892473118,2933.43,0.489,0.5693548387,6
0.0456,0,13.89,1,0.55,5.888,56,3.1121,5,276,16.4,13.51,2.7759,151.8,0.001992753623,5.55,56,0.888,-262.11,18.89,8.89,17.4,16.829268293,3833.64,1.55,0.8469512195,6
0.07013,0,13.89,0,0.55,6.642,85.1,3.4211,5,276,16.4,9.69,3.2209,151.8,0.001992753623,5.55,85,1.642,-262.11,18.89,8.89,16.4,16.829268293,3833.64,0.55,0.8469512195,7
0.11069,0,13.89,1,0.55,5.951,93.8,2.8893,5,276,16.4,17.92,3.0617,151.8,0.001992753623,5.55,94,0.951,-262.11,18.89,8.89,17.4,16.829268293,3833.64,1.55,0.8469512195,6
0.11425,0,13.89,1,0.55,6.373,92.4,3.3633,5,276,16.4,10.5,3.0097,151.8,0.001992753623,5.55,92,1.373,-262.11,18.89,8.89,17.4,16.829268293,3833.64,1.55,0.8469512195,6
0.35809,0,6.2,1,0.507,6.951,88.5,2.8617,8,307,17.4,9.71,4.0893,155.649,0.001651465798,8.507,89,-1.049,-300.8,14.2,-1.8,18.4,17.643678161,1903.4,1.507,0.3563218391,7
0.40771,0,6.2,1,0.507,6.164,91.3,3.048,8,307,17.4,21.46,3.116,155.649,0.001651465798,8.507,91,-1.836,-300.8,14.2,-1.8,18.4,17.643678161,1903.4,1.507,0.3563218391,6
0.62356,0,6.2,1,0.507,6.879,77.7,3.2721,8,307,17.4,9.93,3.6069,155.649,0.001651465798,8.507,78,-1.121,-300.8,14.2,-1.8,18.4,17.643678161,1903.4,1.507,0.3563218391,7
0.6147,0,6.2,0,0.507,6.618,80.8,3.2721,8,307,17.4,7.6,3.3459,155.649,0.001651465798,8.507,81,-1.382,-300.8,14.2,-1.8,17.4,17.643678161,1903.4,0.507,0.3563218391,7
0.31533,0,6.2,0,0.504,8.266,78.3,2.8944,8,307,17.4,4.14,5.3716,154.728,0.001641693811,8.504,78,0.266,-300.8,14.2,-1.8,17.4,17.643678161,1903.4,0.504,0.3563218391,8
0.52693,0,6.2,0,0.504,8.725,83,2.8944,8,307,17.4,4.63,5.8306,154.728,0.001641693811,8.504,83,0.725,-300.8,14.2,-1.8,17.4,17.643678161,1903.4,0.504,0.3563218391,9
0.38214,0,6.2,0,0.504,8.04,86.5,3.2157,8,307,17.4,3.13,4.8243,154.728,0.001641693811,8.504,87,0.04,-300.8,14.2,-1.8,17.4,17.643678161,1903.4,0.504,0.3563218391,8
0.41238,0,6.2,0,0.504,7.163,79.9,3.2157,8,307,17.4,6.36,3.9473,154.728,0.001641693811,8.504,80,-0.837,-300.8,14.2,-1.8,17.4,17.643678161,1903.4,0.504,0.3563218391,7
0.29819,0,6.2,0,0.504,7.686,17,3.3751,8,307,17.4,3.92,4.3109,154.728,0.001641693811,8.504,17,-0.314,-300.8,14.2,-1.8,17.4,17.643678161,1903.4,0.504,0.3563218391,8
0.44178,0,6.2,0,0.504,6.552,21.4,3.3751,8,307,17.4,3.76,3.1769,154.728,0.001641693811,8.504,21,-1.448,-300.8,14.2,-1.8,17.4,17.643678161,1903.4,0.504,0.3563218391,7
0.537,0,6.2,0,0.504,5.981,68.1,3.6715,8,307,17.4,11.65,2.3095,154.728,0.001641693811,8.504,68,-2.019,-300.8,14.2,-1.8,17.4,17.643678161,1903.4,0.504,0.3563218391,6
0.46296,0,6.2,0,0.504,7.412,76.9,3.6715,8,307,17.4,5.25,3.7405,154.728,0.001641693811,8.504,77,-0.588,-300.8,14.2,-1.8,17.4,17.643678161,1903.4,0.504,0.3563218391,7
0.57529,0,6.2,0,0.507,8.337,73.3,3.8384,8,307,17.4,2.47,4.4986,155.649,0.001651465798,8.507,73,0.337,-300.8,14.2,-1.8,17.4,17.643678161,1903.4,0.507,0.3563218391,8
0.33147,0,6.2,0,0.507,8.247,70.4,3.6519,8,307,17.4,3.95,4.5951,155.649,0.001651465798,8.507,70,0.247,-300.8,14.2,-1.8,17.4,17.643678161,1903.4,0.507,0.3563218391,8
0.44791,0,6.2,1,0.507,6.726,66.5,3.6519,8,307,17.4,8.05,3.0741,155.649,0.001651465798,8.507,67,-1.274,-300.8,14.2,-1.8,18.4,17.643678161,1903.4,1.507,0.3563218391,7
0.33045,0,6.2,0,0.507,6.086,61.5,3.6519,8,307,17.4,10.88,2.4341,155.649,0.001651465798,8.507,62,-1.914,-300.8,14.2,-1.8,17.4,17.643678161,1903.4,0.507,0.3563218391,6
0.52058,0,6.2,1,0.507,6.631,76.5,4.148,8,307,17.4,9.54,2.483,155.649,0.001651465798,8.507,77,-1.369,-300.8,14.2,-1.8,18.4,17.643678161,1903.4,1.507,0.3563218391,7
0.51183,0,6.2,0,0.507,7.358,71.6,4.148,8,307,17.4,4.73,3.21,155.649,0.001651465798,8.507,72,-0.642,-300.8,14.2,-1.8,17.4,17.643678161,1903.4,0.507,0.3563218391,7
0.08244,30,4.93,0,0.428,6.481,18.5,6.1899,6,300,16.6,6.36,0.2911,128.4,0.001426666667,6.428,19,0.481,-295.07,10.93,-1.07,16.6,18.072289157,1479,0.428,0.2969879518,6
0.09252,30,4.93,0,0.428,6.606,42.2,6.1899,6,300,16.6,7.37,0.4161,128.4,0.001426666667,6.428,42,0.606,-295.07,10.93,-1.07,16.6,18.072289157,1479,0.428,0.2969879518,7
0.11329,30,4.93,0,0.428,6.897,54.3,6.3361,6,300,16.6,11.38,0.5609,128.4,0.001426666667,6.428,54,0.897,-295.07,10.93,-1.07,16.6,18.072289157,1479,0.428,0.2969879518,7
0.10612,30,4.93,0,0.428,6.095,65.1,6.3361,6,300,16.6,12.4,-0.2411,128.4,0.001426666667,6.428,65,0.095,-295.07,10.93,-1.07,16.6,18.072289157,1479,0.428,0.2969879518,6
0.1029,30,4.93,0,0.428,6.358,52.9,7.0355,6,300,16.6,11.22,-0.6775,128.4,0.001426666667,6.428,53,0.358,-295.07,10.93,-1.07,16.6,18.072289157,1479,0.428,0.2969879518,6
0.12757,30,4.93,0,0.428,6.393,7.8,7.0355,6,300,16.6,5.19,-0.6425,128.4,0.001426666667,6.428,8,0.393,-295.07,10.93,-1.07,16.6,18.072289157,1479,0.428,0.2969879518,6
0.20608,22,5.86,0,0.431,5.593,76.5,7.9549,7,330,19.1,12.5,-2.3619,142.23,0.001306060606,7.431,77,-1.407,-324.14,12.86,-1.14,19.1,17.277486911,1933.8,0.431,0.3068062827,6
0.19133,22,5.86,0,0.431,5.605,70.2,7.9549,7,330,19.1,18.46,-2.3499,142.23,0.001306060606,7.431,70,-1.395,-324.14,12.86,-1.14,19.1,17.277486911,1933.8,0.431,0.3068062827,6
0.33983,22,5.86,0,0.431,6.108,34.9,8.0555,7,330,19.1,9.16,-1.9475,142.23,0.001306060606,7.431,35,-0.892,-324.14,12.86,-1.14,19.1,17.277486911,1933.8,0.431,0.3068062827,6
0.19657,22,5.86,0,0.431,6.226,79.2,8.0555,7,330,19.1,10.15,-1.8295,142.23,0.001306060606,7.431,79,-0.774,-324.14,12.86,-1.14,19.1,17.277486911,1933.8,0.431,0.3068062827,6
0.16439,22,5.86,0,0.431,6.433,49.1,7.8265,7,330,19.1,9.52,-1.3935,142.23,0.001306060606,7.431,49,-0.567,-324.14,12.86,-1.14,19.1,17.277486911,1933.8,0.431,0.3068062827,6
0.19073,22,5.86,0,0.431,6.718,17.5,7.8265,7,330,19.1,6.56,-1.1085,142.23,0.001306060606,7.431,18,-0.282,-324.14,12.86,-1.14,19.1,17.277486911,1933.8,0.431,0.3068062827,7
0.1403,22,5.86,0,0.431,6.487,13,7.3967,7,330,19.1,5.9,-0.9097,142.23,0.001306060606,7.431,13,-0.513,-324.14,12.86,-1.14,19.1,17.277486911,1933.8,0.431,0.3068062827,6
0.21409,22,5.86,0,0.431,6.438,8.9,7.3967,7,330,19.1,3.59,-0.9587,142.23,0.001306060606,7.431,9,-0.562,-324.14,12.86,-1.14,19.1,17.277486911,1933.8,0.431,0.3068062827,6
0.08221,22,5.86,0,0.431,6.957,6.8,8.9067,7,330,19.1,3.53,-1.9497,142.23,0.001306060606,7.431,7,-0.043,-324.14,12.86,-1.14,19.1,17.277486911,1933.8,0.431,0.3068062827,7
0.36894,22,5.86,0,0.431,8.259,8.4,8.9067,7,330,19.1,3.54,-0.6477,142.23,0.001306060606,7.431,8,1.259,-324.14,12.86,-1.14,19.1,17.277486911,1933.8,0.431,0.3068062827,8
0.04819,80,3.64,0,0.392,6.108,32,9.2203,1,315,16.4,6.57,-3.1123,123.48,0.001244444444,1.392,32,5.108,-311.36,4.64,2.64,16.4,19.207317073,1146.6,0.392,0.2219512195,6
0.03548,80,3.64,0,0.392,5.876,19.1,9.2203,1,315,16.4,9.25,-3.3443,123.48,0.001244444444,1.392,19,4.876,-311.36,4.64,2.64,16.4,19.207317073,1146.6,0.392,0.2219512195,6
0.01538,90,3.75,0,0.394,7.454,34.2,6.3361,3,244,15.9,3.11,1.1179,96.136,0.001614754098,3.394,34,4.454,-240.25,6.75,0.75,15.9,15.34591195,915,0.394,0.2358490566,7
0.61154,20,3.97,0,0.647,8.704,86.9,1.801,5,264,13,5.12,6.903,170.808,0.002450757576,5.647,87,3.704,-260.03,8.97,-1.03,13,20.307692308,1048.08,0.647,0.3053846154,9
0.66351,20,3.97,0,0.647,7.333,100,1.8946,5,264,13,7.79,5.4384,170.808,0.002450757576,5.647,100,2.333,-260.03,8.97,-1.03,13,20.307692308,1048.08,0.647,0.3053846154,7
0.65665,20,3.97,0,0.647,6.842,100,2.0107,5,264,13,6.9,4.8313,170.808,0.002450757576,5.647,100,1.842,-260.03,8.97,-1.03,13,20.307692308,1048.08,0.647,0.3053846154,7
0.54011,20,3.97,0,0.647,7.203,81.8,2.1121,5,264,13,9.59,5.0909,170.808,0.002450757576,5.647,82,2.203,-260.03,8.97,-1.03,13,20.307692308,1048.08,0.647,0.3053846154,7
0.53412,20,3.97,0,0.647,7.52,89.4,2.1398,5,264,13,7.26,5.3802,170.808,0.002450757576,5.647,89,2.52,-260.03,8.97,-1.03,13,20.307692308,1048.08,0.647,0.3053846154,8
0.52014,20,3.97,0,0.647,8.398,91.5,2.2885,5,264,13,5.91,6.1095,170.808,0.002450757576,5.647,92,3.398,-260.03,8.97,-1.03,13,20.307692308,1048.08,0.647,0.3053846154,8
0.82526,20,3.97,0,0.647,7.327,94.5,2.0788,5,264,13,11.25,5.2482,170.808,0.002450757576,5.647,95,2.327,-260.03,8.97,-1.03,13,20.307692308,1048.08,0.647,0.3053846154,7
0.55007,20,3.97,0,0.647,7.206,91.6,1.9301,5,264,13,8.1,5.2759,170.808,0.002450757576,5.647,92,2.206,-260.03,8.97,-1.03,13,20.307692308,1048.08,0.647,0.3053846154,7
0.76162,20,3.97,0,0.647,5.56,62.8,1.9865,5,264,13,10.45,3.5735,170.808,0.002450757576,5.647,63,0.56,-260.03,8.97,-1.03,13,20.307692308,1048.08,0.647,0.3053846154,6
0.7857,20,3.97,0,0.647,7.014,84.6,2.1329,5,264,13,14.79,4.8811,170.808,0.002450757576,5.647,85,2.014,-260.03,8.97,-1.03,13,20.307692308,1048.08,0.647,0.3053846154,7
0.57834,20,3.97,0,0.575,8.297,67,2.4216,5,264,13,7.44,5.8754,151.8,0.002178030303,5.575,67,3.297,-260.03,8.97,-1.03,13,20.307692308,1048.08,0.575,0.3053846154,8
0.5405,20,3.97,0,0.575,7.47,52.6,2.872,5,264,13,3.16,4.598,151.8,0.002178030303,5.575,53,2.47,-260.03,8.97,-1.03,13,20.307692308,1048.08,0.575,0.3053846154,7
0.09065,20,6.96,1,0.464,5.92,61.5,3.9175,3,223,18.6,13.65,2.0025,103.472,0.002080717489,3.464,62,2.92,-216.04,9.96,3.96,19.6,11.989247312,1552.08,1.464,0.3741935484,6
0.29916,20,6.96,0,0.464,5.856,42.1,4.429,3,223,18.6,13,1.427,103.472,0.002080717489,3.464,42,2.856,-216.04,9.96,3.96,18.6,11.989247312,1552.08,0.464,0.3741935484,6
0.16211,20,6.96,0,0.464,6.24,16.3,4.429,3,223,18.6,6.59,1.811,103.472,0.002080717489,3.464,16,3.24,-216.04,9.96,3.96,18.6,11.989247312,1552.08,0.464,0.3741935484,6
0.1146,20,6.96,0,0.464,6.538,58.7,3.9175,3,223,18.6,7.73,2.6205,103.472,0.002080717489,3.464,59,3.538,-216.04,9.96,3.96,18.6,11.989247312,1552.08,0.464,0.3741935484,7
0.22188,20,6.96,1,0.464,7.691,51.8,4.3665,3,223,18.6,6.58,3.3245,103.472,0.002080717489,3.464,52,4.691,-216.04,9.96,3.96,19.6,11.989247312,1552.08,1.464,0.3741935484,8
0.05644,40,6.41,1,0.447,6.758,32.9,4.0776,4,254,17.6,3.53,2.6804,113.538,0.00175984252,4.447,33,2.758,-247.59,10.41,2.41,18.6,14.431818182,1628.14,1.447,0.3642045455,7
0.09604,40,6.41,0,0.447,6.854,42.8,4.2673,4,254,17.6,2.98,2.5867,113.538,0.00175984252,4.447,43,2.854,-247.59,10.41,2.41,17.6,14.431818182,1628.14,0.447,0.3642045455,7
0.10469,40,6.41,1,0.447,7.267,49,4.7872,4,254,17.6,6.05,2.4798,113.538,0.00175984252,4.447,49,3.267,-247.59,10.41,2.41,18.6,14.431818182,1628.14,1.447,0.3642045455,7
0.06127,40,6.41,1,0.447,6.826,27.6,4.8628,4,254,17.6,4.16,1.9632,113.538,0.00175984252,4.447,28,2.826,-247.59,10.41,2.41,18.6,14.431818182,1628.14,1.447,0.3642045455,7
0.07978,40,6.41,0,0.447,6.482,32.1,4.1403,4,254,17.6,7.19,2.3417,113.538,0.00175984252,4.447,32,2.482,-247.59,10.41,2.41,17.6,14.431818182,1628.14,0.447,0.3642045455,6
0.21038,20,3.33,0,0.4429,6.812,32.2,4.1007,5,216,14.9,4.85,2.7113,95.6664,0.002050462963,5.4429,32,1.812,-212.67,8.33,-1.67,14.9,14.496644295,719.28,0.4429,0.2234899329,7
0.03578,20,3.33,0,0.4429,7.82,64.5,4.6947,5,216,14.9,3.76,3.1253,95.6664,0.002050462963,5.4429,65,2.82,-212.67,8.33,-1.67,14.9,14.496644295,719.28,0.4429,0.2234899329,8
0.03705,20,3.33,0,0.4429,6.968,37.2,5.2447,5,216,14.9,4.59,1.7233,95.6664,0.002050462963,5.4429,37,1.968,-212.67,8.33,-1.67,14.9,14.496644295,719.28,0.4429,0.2234899329,7
0.06129,20,3.33,1,0.4429,7.645,49.7,5.2119,5,216,14.9,3.01,2.4331,95.6664,0.002050462963,5.4429,50,2.645,-212.67,8.33,-1.67,15.9,14.496644295,719.28,1.4429,0.2234899329,8
0.01501,90,1.21,1,0.401,7.923,24.8,5.885,1,198,13.6,3.16,2.038,79.398,0.002025252525,1.401,25,6.923,-196.79,2.21,0.21,14.6,14.558823529,239.58,1.401,0.08897058824,8
0.00906,90,2.97,0,0.4,7.088,20.8,7.3073,1,285,15.3,7.85,-0.2193,114,0.001403508772,1.4,21,6.088,-282.03,3.97,1.97,15.3,18.62745098,846.45,0.4,0.1941176471,7
0.01096,55,2.25,0,0.389,6.453,31.9,7.3073,1,300,15.3,8.23,-0.8543,116.7,0.001296666667,1.389,32,5.453,-297.75,3.25,1.25,15.3,19.607843137,675,0.389,0.1470588235,6
0.01965,80,1.76,0,0.385,6.23,31.5,9.0892,1,241,18.2,12.93,-2.8592,92.785,0.001597510373,1.385,32,5.23,-239.24,2.76,0.76,18.2,13.241758242,424.16,0.385,0.0967032967,6
0.03871,52.5,5.32,0,0.405,6.209,31.3,7.3172,6,293,16.6,7.14,-1.1082,118.665,0.00138225256,6.405,31,0.209,-287.68,11.32,-0.68,16.6,17.65060241,1558.76,0.405,0.3204819277,6
0.0459,52.5,5.32,0,0.405,6.315,45.6,7.3172,6,293,16.6,7.6,-1.0022,118.665,0.00138225256,6.405,46,0.315,-287.68,11.32,-0.68,16.6,17.65060241,1558.76,0.405,0.3204819277,6
0.04297,52.5,5.32,0,0.405,6.565,22.9,7.3172,6,293,16.6,9.51,-0.7522,118.665,0.00138225256,6.405,23,0.565,-287.68,11.32,-0.68,16.6,17.65060241,1558.76,0.405,0.3204819277,7
0.03502,80,4.95,0,0.411,6.861,27.9,5.1167,4,245,19.2,3.33,1.7443,100.695,0.00167755102,4.411,28,2.861,-240.05,8.95,0.95,19.2,12.760416667,1212.75,0.411,0.2578125,7
0.07886,80,4.95,0,0.411,7.148,27.7,5.1167,4,245,19.2,3.56,2.0313,100.695,0.00167755102,4.411,28,3.148,-240.05,8.95,0.95,19.2,12.760416667,1212.75,0.411,0.2578125,7
0.03615,80,4.95,0,0.411,6.63,23.4,5.1167,4,245,19.2,4.7,1.5133,100.695,0.00167755102,4.411,23,2.63,-240.05,8.95,0.95,19.2,12.760416667,1212.75,0.411,0.2578125,7
0.08265,0,13.92,0,0.437,6.127,18.4,5.5027,4,289,16,8.58,0.6243,126.293,0.001512110727,4.437,18,2.127,-275.08,17.92,9.92,16,18.0625,4022.88,0.437,0.87,6
0.08199,0,13.92,0,0.437,6.009,42.3,5.5027,4,289,16,10.4,0.5063,126.293,0.001512110727,4.437,42,2.009,-275.08,17.92,9.92,16,18.0625,4022.88,0.437,0.87,6
0.12932,0,13.92,0,0.437,6.678,31.1,5.9604,4,289,16,6.27,0.7176,126.293,0.001512110727,4.437,31,2.678,-275.08,17.92,9.92,16,18.0625,4022.88,0.437,0.87,7
0.05372,0,13.92,0,0.437,6.549,51,5.9604,4,289,16,7.39,0.5886,126.293,0.001512110727,4.437,51,2.549,-275.08,17.92,9.92,16,18.0625,4022.88,0.437,0.87,7
0.14103,0,13.92,0,0.437,5.79,58,6.32,4,289,16,15.84,-0.53,126.293,0.001512110727,4.437,58,1.79,-275.08,17.92,9.92,16,18.0625,4022.88,0.437,0.87,6
0.06466,70,2.24,0,0.4,6.345,20.1,7.8278,5,358,14.8,4.97,-1.4828,143.2,0.001117318436,5.4,20,1.345,-355.76,7.24,-2.76,14.8,24.189189189,801.92,0.4,0.1513513514,6
0.05561,70,2.24,0,0.4,7.041,10,7.8278,5,358,14.8,4.74,-0.7868,143.2,0.001117318436,5.4,10,2.041,-355.76,7.24,-2.76,14.8,24.189189189,801.92,0.4,0.1513513514,7
0.04417,70,2.24,0,0.4,6.871,47.4,7.8278,5,358,14.8,6.07,-0.9568,143.2,0.001117318436,5.4,47,1.871,-355.76,7.24,-2.76,14.8,24.189189189,801.92,0.4,0.1513513514,7
0.03537,34,6.09,0,0.433,6.59,40.4,5.4917,7,329,16.1,9.5,1.0983,142.457,0.001316109422,7.433,40,-0.41,-322.91,13.09,-0.91,16.1,20.434782609,2003.61,0.433,0.3782608696,7
0.09266,34,6.09,0,0.433,6.495,18.4,5.4917,7,329,16.1,8.67,1.0033,142.457,0.001316109422,7.433,18,-0.505,-322.91,13.09,-0.91,16.1,20.434782609,2003.61,0.433,0.3782608696,6
0.1,34,6.09,0,0.433,6.982,17.7,5.4917,7,329,16.1,4.86,1.4903,142.457,0.001316109422,7.433,18,-0.018,-322.91,13.09,-0.91,16.1,20.434782609,2003.61,0.433,0.3782608696,7
0.05515,33,2.18,0,0.472,7.236,41.1,4.022,7,222,18.4,6.93,3.214,104.784,0.002126126126,7.472,41,0.236,-219.82,9.18,-4.82,18.4,12.065217391,483.96,0.472,0.1184782609,7
0.05479,33,2.18,0,0.472,6.616,58.1,3.37,7,222,18.4,8.93,3.246,104.784,0.002126126126,7.472,58,-0.384,-219.82,9.18,-4.82,18.4,12.065217391,483.96,0.472,0.1184782609,7
0.07503,33,2.18,0,0.472,7.42,71.9,3.0992,7,222,18.4,6.47,4.3208,104.784,0.002126126126,7.472,72,0.42,-219.82,9.18,-4.82,18.4,12.065217391,483.96,0.472,0.1184782609,7
0.04932,33,2.18,0,0.472,6.849,70.3,3.1827,7,222,18.4,7.53,3.6663,104.784,0.002126126126,7.472,70,-0.151,-219.82,9.18,-4.82,18.4,12.065217391,483.96,0.472,0.1184782609,7
0.49298,0,9.9,0,0.544,6.635,82.5,3.3175,4,304,18.4,4.54,3.3175,165.376,0.001789473684,4.544,83,2.635,-294.1,13.9,5.9,18.4,16.52173913,3009.6,0.544,0.5380434783,7
0.3494,0,9.9,0,0.544,5.972,76.7,3.1025,4,304,18.4,9.97,2.8695,165.376,0.001789473684,4.544,77,1.972,-294.1,13.9,5.9,18.4,16.52173913,3009.6,0.544,0.5380434783,6
2.63548,0,9.9,0,0.544,4.973,37.8,2.5194,4,304,18.4,12.64,2.4536,165.376,0.001789473684,4.544,38,0.973,-294.1,13.9,5.9,18.4,16.52173913,3009.6,0.544,0.5380434783,5
0.79041,0,9.9,0,0.544,6.122,52.8,2.6403,4,304,18.4,5.98,3.4817,165.376,0.001789473684,4.544,53,2.122,-294.1,13.9,5.9,18.4,16.52173913,3009.6,0.544,0.5380434783,6
0.26169,0,9.9,0,0.544,6.023,90.4,2.834,4,304,18.4,11.72,3.189,165.376,0.001789473684,4.544,90,2.023,-294.1,13.9,5.9,18.4,16.52173913,3009.6,0.544,0.5380434783,6
0.26938,0,9.9,0,0.544,6.266,82.8,3.2628,4,304,18.4,7.9,3.0032,165.376,0.001789473684,4.544,83,2.266,-294.1,13.9,5.9,18.4,16.52173913,3009.6,0.544,0.5380434783,6
0.3692,0,9.9,0,0.544,6.567,87.3,3.6023,4,304,18.4,9.28,2.9647,165.376,0.001789473684,4.544,87,2.567,-294.1,13.9,5.9,18.4,16.52173913,3009.6,0.544,0.5380434783,7
0.25356,0,9.9,0,0.544,5.705,77.7,3.945,4,304,18.4,11.5,1.76,165.376,0.001789473684,4.544,78,1.705,-294.1,13.9,5.9,18.4,16.52173913,3009.6,0.544,0.5380434783,6
0.31827,0,9.9,0,0.544,5.914,83.2,3.9986,4,304,18.4,18.33,1.9154,165.376,0.001789473684,4.544,83,1.914,-294.1,13.9,5.9,18.4,16.52173913,3009.6,0.544,0.5380434783,6
0.24522,0,9.9,0,0.544,5.782,71.7,4.0317,4,304,18.4,15.94,1.7503,165.376,0.001789473684,4.544,72,1.782,-294.1,13.9,5.9,18.4,16.52173913,3009.6,0.544,0.5380434783,6
0.40202,0,9.9,0,0.544,6.382,67.2,3.5325,4,304,18.4,10.36,2.8495,165.376,0.001789473684,4.544,67,2.382,-294.1,13.9,5.9,18.4,16.52173913,3009.6,0.544,0.5380434783,6
0.47547,0,9.9,0,0.544,6.113,58.8,4.0019,4,304,18.4,12.73,2.1111,165.376,0.001789473684,4.544,59,2.113,-294.1,13.9,5.9,18.4,16.52173913,3009.6,0.544,0.5380434783,6
0.1676,0,7.38,0,0.493,6.426,52.3,4.5404,5,287,19.6,7.2,1.8856,141.491,0.001717770035,5.493,52,1.426,-279.62,12.38,2.38,19.6,14.642857143,2118.06,0.493,0.3765306122,6
0.18159,0,7.38,0,0.493,6.376,54.3,4.5404,5,287,19.6,6.87,1.8356,141.491,0.001717770035,5.493,54,1.376,-279.62,12.38,2.38,19.6,14.642857143,2118.06,0.493,0.3765306122,6
0.35114,0,7.38,0,0.493,6.041,49.9,4.7211,5,287,19.6,7.7,1.3199,141.491,0.001717770035,5.493,50,1.041,-279.62,12.38,2.38,19.6,14.642857143,2118.06,0.493,0.3765306122,6
0.28392,0,7.38,0,0.493,5.708,74.3,4.7211,5,287,19.6,11.74,0.9869,141.491,0.001717770035,5.493,74,0.708,-279.62,12.38,2.38,19.6,14.642857143,2118.06,0.493,0.3765306122,6
0.34109,0,7.38,0,0.493,6.415,40.1,4.7211,5,287,19.6,6.12,1.6939,141.491,0.001717770035,5.493,40,1.415,-279.62,12.38,2.38,19.6,14.642857143,2118.06,0.493,0.3765306122,6
0.19186,0,7.38,0,0.493,6.431,14.7,5.4159,5,287,19.6,5.08,1.0151,141.491,0.001717770035,5.493,15,1.431,-279.62,12.38,2.38,19.6,14.642857143,2118.06,0.493,0.3765306122,6
0.30347,0,7.38,0,0.493,6.312,28.9,5.4159,5,287,19.6,6.15,0.8961,141.491,0.001717770035,5.493,29,1.312,-279.62,12.38,2.38,19.6,14.642857143,2118.06,0.493,0.3765306122,6
0.24103,0,7.38,0,0.493,6.083,43.7,5.4159,5,287,19.6,12.79,0.6671,141.491,0.001717770035,5.493,44,1.083,-279.62,12.38,2.38,19.6,14.642857143,2118.06,0.493,0.3765306122,6
0.06617,0,3.24,0,0.46,5.868,25.8,5.2146,4,430,16.9,9.97,0.6534,197.8,0.001069767442,4.46,26,1.868,-426.76,7.24,-0.76,16.9,25.443786982,1393.2,0.46,0.1917159763,6
0.06724,0,3.24,0,0.46,6.333,17.2,5.2146,4,430,16.9,7.34,1.1184,197.8,0.001069767442,4.46,17,2.333,-426.76,7.24,-0.76,16.9,25.443786982,1393.2,0.46,0.1917159763,6
0.04544,0,3.24,0,0.46,6.144,32.2,5.8736,4,430,16.9,9.09,0.2704,197.8,0.001069767442,4.46,32,2.144,-426.76,7.24,-0.76,16.9,25.443786982,1393.2,0.46,0.1917159763,6
0.05023,35,6.06,0,0.4379,5.706,28.4,6.6407,1,304,16.9,12.43,-0.9347,133.1216,0.001440460526,1.4379,28,4.706,-297.94,7.06,5.06,16.9,17.98816568,1842.24,0.4379,0.3585798817,6
0.03466,35,6.06,0,0.4379,6.031,23.3,6.6407,1,304,16.9,7.83,-0.6097,133.1216,0.001440460526,1.4379,23,5.031,-297.94,7.06,5.06,16.9,17.98816568,1842.24,0.4379,0.3585798817,6
0.05083,0,5.19,0,0.515,6.316,38.1,6.4584,5,224,20.2,5.68,-0.1424,115.36,0.002299107143,5.515,38,1.316,-218.81,10.19,0.19,20.2,11.089108911,1162.56,0.515,0.2569306931,6
0.03738,0,5.19,0,0.515,6.31,38.5,6.4584,5,224,20.2,6.75,-0.1484,115.36,0.002299107143,5.515,39,1.31,-218.81,10.19,0.19,20.2,11.089108911,1162.56,0.515,0.2569306931,6
0.03961,0,5.19,0,0.515,6.037,34.5,5.9853,5,224,20.2,8.01,0.0517,115.36,0.002299107143,5.515,35,1.037,-218.81,10.19,0.19,20.2,11.089108911,1162.56,0.515,0.2569306931,6
0.03427,0,5.19,0,0.515,5.869,46.3,5.2311,5,224,20.2,9.8,0.6379,115.36,0.002299107143,5.515,46,0.869,-218.81,10.19,0.19,20.2,11.089108911,1162.56,0.515,0.2569306931,6
0.03041,0,5.19,0,0.515,5.895,59.6,5.615,5,224,20.2,10.56,0.28,115.36,0.002299107143,5.515,60,0.895,-218.81,10.19,0.19,20.2,11.089108911,1162.56,0.515,0.2569306931,6
0.03306,0,5.19,0,0.515,6.059,37.3,4.8122,5,224,20.2,8.51,1.2468,115.36,0.002299107143,5.515,37,1.059,-218.81,10.19,0.19,20.2,11.089108911,1162.56,0.515,0.2569306931,6
0.05497,0,5.19,0,0.515,5.985,45.4,4.8122,5,224,20.2,9.74,1.1728,115.36,0.002299107143,5.515,45,0.985,-218.81,10.19,0.19,20.2,11.089108911,1162.56,0.515,0.2569306931,6
0.06151,0,5.19,0,0.515,5.968,58.5,4.8122,5,224,20.2,9.29,1.1558,115.36,0.002299107143,5.515,59,0.968,-218.81,10.19,0.19,20.2,11.089108911,1162.56,0.515,0.2569306931,6
0.01301,35,1.52,0,0.442,7.241,49.3,7.0379,1,284,15.5,5.49,0.2031,125.528,0.001556338028,1.442,49,6.241,-282.48,2.52,0.52,15.5,18.322580645,431.68,0.442,0.09806451613,7
0.02498,0,1.89,0,0.518,6.54,59.7,6.2669,1,422,15.9,8.65,0.2731,218.596,0.001227488152,1.518,60,5.54,-420.11,2.89,0.89,15.9,26.540880503,797.58,0.518,0.1188679245,7
0.02543,55,3.78,0,0.484,6.696,56.4,5.7321,5,370,17.6,7.18,0.9639,179.08,0.001308108108,5.484,56,1.696,-366.22,8.78,-1.22,17.6,21.022727273,1398.6,0.484,0.2147727273,7
0.03049,55,3.78,0,0.484,6.874,28.1,6.4654,5,370,17.6,4.61,0.4086,179.08,0.001308108108,5.484,28,1.874,-366.22,8.78,-1.22,17.6,21.022727273,1398.6,0.484,0.2147727273,7
0.03113,0,4.39,0,0.442,6.014,48.5,8.0136,3,352,18.8,10.53,-1.9996,155.584,0.001255681818,3.442,49,3.014,-347.61,7.39,1.39,18.8,18.723404255,1545.28,0.442,0.2335106383,6
0.06162,0,4.39,0,0.442,5.898,52.3,8.0136,3,352,18.8,12.67,-2.1156,155.584,0.001255681818,3.442,52,2.898,-347.61,7.39,1.39,18.8,18.723404255,1545.28,0.442,0.2335106383,6
0.0187,85,4.15,0,0.429,6.516,27.7,8.5353,4,351,17.9,6.36,-2.0193,150.579,0.001222222222,4.429,28,2.516,-346.85,8.15,0.15,17.9,19.608938547,1456.65,0.429,0.2318435754,7
0.01501,80,2.01,0,0.435,6.635,29.7,8.344,4,280,17,5.99,-1.709,121.8,0.001553571429,4.435,30,2.635,-277.99,6.01,-1.99,17,16.470588235,562.8,0.435,0.1182352941,7
0.02899,40,1.25,0,0.429,6.939,34.5,8.7921,1,335,19.7,5.89,-1.8531,143.715,0.001280597015,1.429,35,5.939,-333.75,2.25,0.25,19.7,17.005076142,418.75,0.429,0.06345177665,7
0.06211,40,1.25,0,0.429,6.49,44.4,8.7921,1,335,19.7,5.98,-2.3021,143.715,0.001280597015,1.429,44,5.49,-333.75,2.25,0.25,19.7,17.005076142,418.75,0.429,0.06345177665,6
0.0795,60,1.69,0,0.411,6.579,35.9,10.7103,4,411,18.3,5.49,-4.1313,168.921,0.001,4.411,36,2.579,-409.31,5.69,-2.31,18.3,22.459016393,694.59,0.411,0.09234972678,7
0.07244,60,1.69,0,0.411,5.884,18.5,10.7103,4,411,18.3,7.79,-4.8263,168.921,0.001,4.411,19,1.884,-409.31,5.69,-2.31,18.3,22.459016393,694.59,0.411,0.09234972678,6
0.01709,90,2.02,0,0.41,6.728,36.1,12.1265,5,187,17,4.5,-5.3985,76.67,0.002192513369,5.41,36,1.728,-184.98,7.02,-2.98,17,11,377.74,0.41,0.1188235294,7
0.04301,80,1.91,0,0.413,5.663,21.9,10.5857,4,334,22,8.05,-4.9227,137.942,0.001236526946,4.413,22,1.663,-332.09,5.91,-2.09,22,15.181818182,637.94,0.413,0.08681818182,6
0.10659,80,1.91,0,0.413,5.936,19.5,10.5857,4,334,22,5.57,-4.6497,137.942,0.001236526946,4.413,20,1.936,-332.09,5.91,-2.09,22,15.181818182,637.94,0.413,0.08681818182,6
8.98296,0,18.1,1,0.77,6.212,97.4,2.1222,24,666,20.2,17.6,4.0898,512.82,0.001156156156,24.77,97,-17.788,-647.9,42.1,-5.9,21.2,32.97029703,12054.6,1.77,0.896039604,6
3.8497,0,18.1,1,0.77,6.395,91,2.5052,24,666,20.2,13.27,3.8898,512.82,0.001156156156,24.77,91,-17.605,-647.9,42.1,-5.9,21.2,32.97029703,12054.6,1.77,0.896039604,6
5.20177,0,18.1,1,0.77,6.127,83.4,2.7227,24,666,20.2,11.48,3.4043,512.82,0.001156156156,24.77,83,-17.873,-647.9,42.1,-5.9,21.2,32.97029703,12054.6,1.77,0.896039604,6
4.26131,0,18.1,0,0.77,6.112,81.3,2.5091,24,666,20.2,12.67,3.6029,512.82,0.001156156156,24.77,81,-17.888,-647.9,42.1,-5.9,20.2,32.97029703,12054.6,0.77,0.896039604,6
4.54192,0,18.1,0,0.77,6.398,88,2.5182,24,666,20.2,7.79,3.8798,512.82,0.001156156156,24.77,88,-17.602,-647.9,42.1,-5.9,20.2,32.97029703,12054.6,0.77,0.896039604,6
3.83684,0,18.1,0,0.77,6.251,91.1,2.2955,24,666,20.2,14.19,3.9555,512.82,0.001156156156,24.77,91,-17.749,-647.9,42.1,-5.9,20.2,32.97029703,12054.6,0.77,0.896039604,6
3.67822,0,18.1,0,0.77,5.362,96.2,2.1036,24,666,20.2,10.19,3.2584,512.82,0.001156156156,24.77,96,-18.638,-647.9,42.1,-5.9,20.2,32.97029703,12054.6,0.77,0.896039604,5
4.22239,0,18.1,1,0.77,5.803,89,1.9047,24,666,20.2,14.64,3.8983,512.82,0.001156156156,24.77,89,-18.197,-647.9,42.1,-5.9,21.2,32.97029703,12054.6,1.77,0.896039604,6
3.47428,0,18.1,1,0.718,8.78,82.9,1.9047,24,666,20.2,5.29,6.8753,478.188,0.001078078078,24.718,83,-15.22,-647.9,42.1,-5.9,21.2,32.97029703,12054.6,1.718,0.896039604,9
4.55587,0,18.1,0,0.718,3.561,87.9,1.6132,24,666,20.2,7.12,1.9478,478.188,0.001078078078,24.718,88,-20.439,-647.9,42.1,-5.9,20.2,32.97029703,12054.6,0.718,0.896039604,4
3.69695,0,18.1,0,0.718,4.963,91.4,1.7523,24,666,20.2,14,3.2107,478.188,0.001078078078,24.718,91,-19.037,-647.9,42.1,-5.9,20.2,32.97029703,12054.6,0.718,0.896039604,5
13.5222,0,18.1,0,0.631,3.863,100,1.5106,24,666,20.2,13.33,2.3524,420.246,0.0009474474474,24.631,100,-20.137,-647.9,42.1,-5.9,20.2,32.97029703,12054.6,0.631,0.896039604,4
4.89822,0,18.1,0,0.631,4.97,100,1.3325,24,666,20.2,3.26,3.6375,420.246,0.0009474474474,24.631,100,-19.03,-647.9,42.1,-5.9,20.2,32.97029703,12054.6,0.631,0.896039604,5
5.66998,0,18.1,1,0.631,6.683,96.8,1.3567,24,666,20.2,3.73,5.3263,420.246,0.0009474474474,24.631,97,-17.317,-647.9,42.1,-5.9,21.2,32.97029703,12054.6,1.631,0.896039604,7
6.53876,0,18.1,1,0.631,7.016,97.5,1.2024,24,666,20.2,2.96,5.8136,420.246,0.0009474474474,24.631,98,-16.984,-647.9,42.1,-5.9,21.2,32.97029703,12054.6,1.631,0.896039604,7
9.2323,0,18.1,0,0.631,6.216,100,1.1691,24,666,20.2,9.53,5.0469,420.246,0.0009474474474,24.631,100,-17.784,-647.9,42.1,-5.9,20.2,32.97029703,12054.6,0.631,0.896039604,6
8.26725,0,18.1,1,0.668,5.875,89.6,1.1296,24,666,20.2,8.88,4.7454,444.888,0.001003003003,24.668,90,-18.125,-647.9,42.1,-5.9,21.2,32.97029703,12054.6,1.668,0.896039604,6
11.1081,0,18.1,0,0.668,4.906,100,1.1742,24,666,20.2,34.77,3.7318,444.888,0.001003003003,24.668,100,-19.094,-647.9,42.1,-5.9,20.2,32.97029703,12054.6,0.668,0.896039604,5
18.4982,0,18.1,0,0.668,4.138,100,1.137,24,666,20.2,37.97,3.001,444.888,0.001003003003,24.668,100,-19.862,-647.9,42.1,-5.9,20.2,32.97029703,12054.6,0.668,0.896039604,4
19.6091,0,18.1,0,0.671,7.313,97.9,1.3163,24,666,20.2,13.44,5.9967,446.886,0.001007507508,24.671,98,-16.687,-647.9,42.1,-5.9,20.2,32.97029703,12054.6,0.671,0.896039604,7
15.288,0,18.1,0,0.671,6.649,93.3,1.3449,24,666,20.2,23.24,5.3041,446.886,0.001007507508,24.671,93,-17.351,-647.9,42.1,-5.9,20.2,32.97029703,12054.6,0.671,0.896039604,7
9.82349,0,18.1,0,0.671,6.794,98.8,1.358,24,666,20.2,21.24,5.436,446.886,0.001007507508,24.671,99,-17.206,-647.9,42.1,-5.9,20.2,32.97029703,12054.6,0.671,0.896039604,7
23.6482,0,18.1,0,0.671,6.38,96.2,1.3861,24,666,20.2,23.69,4.9939,446.886,0.001007507508,24.671,96,-17.62,-647.9,42.1,-5.9,20.2,32.97029703,12054.6,0.671,0.896039604,6
17.8667,0,18.1,0,0.671,6.223,100,1.3861,24,666,20.2,21.78,4.8369,446.886,0.001007507508,24.671,100,-17.777,-647.9,42.1,-5.9,20.2,32.97029703,12054.6,0.671,0.896039604,6
88.9762,0,18.1,0,0.671,6.968,91.9,1.4165,24,666,20.2,17.21,5.5515,446.886,0.001007507508,24.671,92,-17.032,-647.9,42.1,-5.9,20.2,32.97029703,12054.6,0.671,0.896039604,7
15.8744,0,18.1,0,0.671,6.545,99.1,1.5192,24,666,20.2,21.08,5.0258,446.886,0.001007507508,24.671,99,-17.455,-647.9,42.1,-5.9,20.2,32.97029703,12054.6,0.671,0.896039604,7
9.18702,0,18.1,0,0.7,5.536,100,1.5804,24,666,20.2,23.6,3.9556,466.2,0.001051051051,24.7,100,-18.464,-647.9,42.1,-5.9,20.2,32.97029703,12054.6,0.7,0.896039604,6
7.99248,0,18.1,0,0.7,5.52,100,1.5331,24,666,20.2,24.56,3.9869,466.2,0.001051051051,24.7,100,-18.48,-647.9,42.1,-5.9,20.2,32.97029703,12054.6,0.7,0.896039604,6
20.0849,0,18.1,0,0.7,4.368,91.2,1.4395,24,666,20.2,30.63,2.9285,466.2,0.001051051051,24.7,91,-19.632,-647.9,42.1,-5.9,20.2,32.97029703,12054.6,0.7,0.896039604,4
16.8118,0,18.1,0,0.7,5.277,98.1,1.4261,24,666,20.2,30.81,3.8509,466.2,0.001051051051,24.7,98,-18.723,-647.9,42.1,-5.9,20.2,32.97029703,12054.6,0.7,0.896039604,5
24.3938,0,18.1,0,0.7,4.652,100,1.4672,24,666,20.2,28.28,3.1848,466.2,0.001051051051,24.7,100,-19.348,-647.9,42.1,-5.9,20.2,32.97029703,12054.6,0.7,0.896039604,5
22.5971,0,18.1,0,0.7,5,89.5,1.5184,24,666,20.2,31.99,3.4816,466.2,0.001051051051,24.7,90,-19,-647.9,42.1,-5.9,20.2,32.97029703,12054.6,0.7,0.896039604,5
14.3337,0,18.1,0,0.7,4.88,100,1.5895,24,666,20.2,30.62,3.2905,466.2,0.001051051051,24.7,100,-19.12,-647.9,42.1,-5.9,20.2,32.97029703,12054.6,0.7,0.896039604,5
8.15174,0,18.1,0,0.7,5.39,98.9,1.7281,24,666,20.2,20.85,3.6619,466.2,0.001051051051,24.7,99,-18.61,-647.9,42.1,-5.9,20.2,32.97029703,12054.6,0.7,0.896039604,5
6.96215,0,18.1,0,0.7,5.713,97,1.9265,24,666,20.2,17.11,3.7865,466.2,0.001051051051,24.7,97,-18.287,-647.9,42.1,-5.9,20.2,32.97029703,12054.6,0.7,0.896039604,6
5.29305,0,18.1,0,0.7,6.051,82.5,2.1678,24,666,20.2,18.76,3.8832,466.2,0.001051051051,24.7,83,-17.949,-647.9,42.1,-5.9,20.2,32.97029703,12054.6,0.7,0.896039604,6
11.5779,0,18.1,0,0.7,5.036,97,1.77,24,666,20.2,25.68,3.266,466.2,0.001051051051,24.7,97,-18.964,-647.9,42.1,-5.9,20.2,32.97029703,12054.6,0.7,0.896039604,5
8.64476,0,18.1,0,0.693,6.193,92.6,1.7912,24,666,20.2,15.17,4.4018,461.538,0.001040540541,24.693,93,-17.807,-647.9,42.1,-5.9,20.2,32.97029703,12054.6,0.693,0.896039604,6
13.3598,0,18.1,0,0.693,5.887,94.7,1.7821,24,666,20.2,16.35,4.1049,461.538,0.001040540541,24.693,95,-18.113,-647.9,42.1,-5.9,20.2,32.97029703,12054.6,0.693,0.896039604,6
8.71675,0,18.1,0,0.693,6.471,98.8,1.7257,24,666,20.2,17.12,4.7453,461.538,0.001040540541,24.693,99,-17.529,-647.9,42.1,-5.9,20.2,32.97029703,12054.6,0.693,0.896039604,6
5.87205,0,18.1,0,0.693,6.405,96,1.6768,24,666,20.2,19.37,4.7282,461.538,0.001040540541,24.693,96,-17.595,-647.9,42.1,-5.9,20.2,32.97029703,12054.6,0.693,0.896039604,6
7.67202,0,18.1,0,0.693,5.747,98.9,1.6334,24,666,20.2,19.92,4.1136,461.538,0.001040540541,24.693,99,-18.253,-647.9,42.1,-5.9,20.2,32.97029703,12054.6,0.693,0.896039604,6
38.3518,0,18.1,0,0.693,5.453,100,1.4896,24,666,20.2,30.59,3.9634,461.538,0.001040540541,24.693,100,-18.547,-647.9,42.1,-5.9,20.2,32.97029703,12054.6,0.693,0.896039604,5
9.91655,0,18.1,0,0.693,5.852,77.8,1.5004,24,666,20.2,29.97,4.3516,461.538,0.001040540541,24.693,78,-18.148,-647.9,42.1,-5.9,20.2,32.97029703,12054.6,0.693,0.896039604,6
25.0461,0,18.1,0,0.693,5.987,100,1.5888,24,666,20.2,26.77,4.3982,461.538,0.001040540541,24.693,100,-18.013,-647.9,42.1,-5.9,20.2,32.97029703,12054.6,0.693,0.896039604,6
14.2362,0,18.1,0,0.693,6.343,100,1.5741,24,666,20.2,20.32,4.7689,461.538,0.001040540541,24.693,100,-17.657,-647.9,42.1,-5.9,20.2,32.97029703,12054.6,0.693,0.896039604,6
9.59571,0,18.1,0,0.693,6.404,100,1.639,24,666,20.2,20.31,4.765,461.538,0.001040540541,24.693,100,-17.596,-647.9,42.1,-5.9,20.2,32.97029703,12054.6,0.693,0.896039604,6
24.8017,0,18.1,0,0.693,5.349,96,1.7028,24,666,20.2,19.77,3.6462,461.538,0.001040540541,24.693,96,-18.651,-647.9,42.1,-5.9,20.2,32.97029703,12054.6,0.693,0.896039604,5
41.5292,0,18.1,0,0.693,5.531,85.4,1.6074,24,666,20.2,27.38,3.9236,461.538,0.001040540541,24.693,85,-18.469,-647.9,42.1,-5.9,20.2,32.97029703,12054.6,0.693,0.896039604,6
67.9208,0,18.1,0,0.693,5.683,100,1.4254,24,666,20.2,22.98,4.2576,461.538,0.001040540541,24.693,100,-18.317,-647.9,42.1,-5.9,20.2,32.97029703,12054.6,0.693,0.896039604,6
20.7162,0,18.1,0,0.659,4.138,100,1.1781,24,666,20.2,23.34,2.9599,438.894,0.0009894894895,24.659,100,-19.862,-647.9,42.1,-5.9,20.2,32.97029703,12054.6,0.659,0.896039604,4
11.9511,0,18.1,0,0.659,5.608,100,1.2852,24,666,20.2,12.13,4.3228,438.894,0.0009894894895,24.659,100,-18.392,-647.9,42.1,-5.9,20.2,32.97029703,12054.6,0.659,0.896039604,6
7.40389,0,18.1,0,0.597,5.617,97.9,1.4547,24,666,20.2,26.4,4.1623,397.602,0.0008963963964,24.597,98,-18.383,-647.9,42.1,-5.9,20.2,32.97029703,12054.6,0.597,0.896039604,6
14.4383,0,18.1,0,0.597,6.852,100,1.4655,24,666,20.2,19.78,5.3865,397.602,0.0008963963964,24.597,100,-17.148,-647.9,42.1,-5.9,20.2,32.97029703,12054.6,0.597,0.896039604,7
51.1358,0,18.1,0,0.597,5.757,100,1.413,24,666,20.2,10.11,4.344,397.602,0.0008963963964,24.597,100,-18.243,-647.9,42.1,-5.9,20.2,32.97029703,12054.6,0.597,0.896039604,6
14.0507,0,18.1,0,0.597,6.657,100,1.5275,24,666,20.2,21.22,5.1295,397.602,0.0008963963964,24.597,100,-17.343,-647.9,42.1,-5.9,20.2,32.97029703,12054.6,0.597,0.896039604,7
18.811,0,18.1,0,0.597,4.628,100,1.5539,24,666,20.2,34.37,3.0741,397.602,0.0008963963964,24.597,100,-19.372,-647.9,42.1,-5.9,20.2,32.97029703,12054.6,0.597,0.896039604,5
28.6558,0,18.1,0,0.597,5.155,100,1.5894,24,666,20.2,20.08,3.5656,397.602,0.0008963963964,24.597,100,-18.845,-647.9,42.1,-5.9,20.2,32.97029703,12054.6,0.597,0.896039604,5
45.7461,0,18.1,0,0.693,4.519,100,1.6582,24,666,20.2,36.98,2.8608,461.538,0.001040540541,24.693,100,-19.481,-647.9,42.1,-5.9,20.2,32.97029703,12054.6,0.693,0.896039604,5
18.0846,0,18.1,0,0.679,6.434,100,1.8347,24,666,20.2,29.05,4.5993,452.214,0.00101951952,24.679,100,-17.566,-647.9,42.1,-5.9,20.2,32.97029703,12054.6,0.679,0.896039604,6
10.8342,0,18.1,0,0.679,6.782,90.8,1.8195,24,666,20.2,25.79,4.9625,452.214,0.00101951952,24.679,91,-17.218,-647.9,42.1,-5.9,20.2,32.97029703,12054.6,0.679,0.896039604,7
25.9406,0,18.1,0,0.679,5.304,89.1,1.6475,24,666,20.2,26.64,3.6565,452.214,0.00101951952,24.679,89,-18.696,-647.9,42.1,-5.9,20.2,32.97029703,12054.6,0.679,0.896039604,5
73.5341,0,18.1,0,0.679,5.957,100,1.8026,24,666,20.2,20.62,4.1544,452.214,0.00101951952,24.679,100,-18.043,-647.9,42.1,-5.9,20.2,32.97029703,12054.6,0.679,0.896039604,6
11.8123,0,18.1,0,0.718,6.824,76.5,1.794,24,666,20.2,22.74,5.03,478.188,0.001078078078,24.718,77,-17.176,-647.9,42.1,-5.9,20.2,32.97029703,12054.6,0.718,0.896039604,7
11.0874,0,18.1,0,0.718,6.411,100,1.8589,24,666,20.2,15.02,4.5521,478.188,0.001078078078,24.718,100,-17.589,-647.9,42.1,-5.9,20.2,32.97029703,12054.6,0.718,0.896039604,6
7.02259,0,18.1,0,0.718,6.006,95.3,1.8746,24,666,20.2,15.7,4.1314,478.188,0.001078078078,24.718,95,-17.994,-647.9,42.1,-5.9,20.2,32.97029703,12054.6,0.718,0.896039604,6
12.0482,0,18.1,0,0.614,5.648,87.6,1.9512,24,666,20.2,14.1,3.6968,408.924,0.0009219219219,24.614,88,-18.352,-647.9,42.1,-5.9,20.2,32.97029703,12054.6,0.614,0.896039604,6
7.05042,0,18.1,0,0.614,6.103,85.1,2.0218,24,666,20.2,23.29,4.0812,408.924,0.0009219219219,24.614,85,-17.897,-647.9,42.1,-5.9,20.2,32.97029703,12054.6,0.614,0.896039604,6
8.79212,0,18.1,0,0.584,5.565,70.6,2.0635,24,666,20.2,17.16,3.5015,388.944,0.0008768768769,24.584,71,-18.435,-647.9,42.1,-5.9,20.2,32.97029703,12054.6,0.584,0.896039604,6
15.8603,0,18.1,0,0.679,5.896,95.4,1.9096,24,666,20.2,24.39,3.9864,452.214,0.00101951952,24.679,95,-18.104,-647.9,42.1,-5.9,20.2,32.97029703,12054.6,0.679,0.896039604,6
12.2472,0,18.1,0,0.584,5.837,59.7,1.9976,24,666,20.2,15.69,3.8394,388.944,0.0008768768769,24.584,60,-18.163,-647.9,42.1,-5.9,20.2,32.97029703,12054.6,0.584,0.896039604,6
37.6619,0,18.1,0,0.679,6.202,78.7,1.8629,24,666,20.2,14.52,4.3391,452.214,0.00101951952,24.679,79,-17.798,-647.9,42.1,-5.9,20.2,32.97029703,12054.6,0.679,0.896039604,6
7.36711,0,18.1,0,0.679,6.193,78.1,1.9356,24,666,20.2,21.52,4.2574,452.214,0.00101951952,24.679,78,-17.807,-647.9,42.1,-5.9,20.2,32.97029703,12054.6,0.679,0.896039604,6
9.33889,0,18.1,0,0.679,6.38,95.6,1.9682,24,666,20.2,24.08,4.4118,452.214,0.00101951952,24.679,96,-17.62,-647.9,42.1,-5.9,20.2,32.97029703,12054.6,0.679,0.896039604,6
8.49213,0,18.1,0,0.584,6.348,86.1,2.0527,24,666,20.2,17.64,4.2953,388.944,0.0008768768769,24.584,86,-17.652,-647.9,42.1,-5.9,20.2,32.97029703,12054.6,0.584,0.896039604,6
10.0623,0,18.1,0,0.584,6.833,94.3,2.0882,24,666,20.2,19.69,4.7448,388.944,0.0008768768769,24.584,94,-17.167,-647.9,42.1,-5.9,20.2,32.97029703,12054.6,0.584,0.896039604,7
6.44405,0,18.1,0,0.584,6.425,74.8,2.2004,24,666,20.2,12.03,4.2246,388.944,0.0008768768769,24.584,75,-17.575,-647.9,42.1,-5.9,20.2,32.97029703,12054.6,0.584,0.896039604,6
5.58107,0,18.1,0,0.713,6.436,87.9,2.3158,24,666,20.2,16.22,4.1202,474.858,0.001070570571,24.713,88,-17.564,-647.9,42.1,-5.9,20.2,32.97029703,12054.6,0.713,0.896039604,6
13.9134,0,18.1,0,0.713,6.208,95,2.2222,24,666,20.2,15.17,3.9858,474.858,0.001070570571,24.713,95,-17.792,-647.9,42.1,-5.9,20.2,32.97029703,12054.6,0.713,0.896039604,6
11.1604,0,18.1,0,0.74,6.629,94.6,2.1247,24,666,20.2,23.27,4.5043,492.84,0.001111111111,24.74,95,-17.371,-647.9,42.1,-5.9,20.2,32.97029703,12054.6,0.74,0.896039604,7
14.4208,0,18.1,0,0.74,6.461,93.3,2.0026,24,666,20.2,18.05,4.4584,492.84,0.001111111111,24.74,93,-17.539,-647.9,42.1,-5.9,20.2,32.97029703,12054.6,0.74,0.896039604,6
15.1772,0,18.1,0,0.74,6.152,100,1.9142,24,666,20.2,26.45,4.2378,492.84,0.001111111111,24.74,100,-17.848,-647.9,42.1,-5.9,20.2,32.97029703,12054.6,0.74,0.896039604,6
13.6781,0,18.1,0,0.74,5.935,87.9,1.8206,24,666,20.2,34.02,4.1144,492.84,0.001111111111,24.74,88,-18.065,-647.9,42.1,-5.9,20.2,32.97029703,12054.6,0.74,0.896039604,6
9.39063,0,18.1,0,0.74,5.627,93.9,1.8172,24,666,20.2,22.88,3.8098,492.84,0.001111111111,24.74,94,-18.373,-647.9,42.1,-5.9,20.2,32.97029703,12054.6,0.74,0.896039604,6
22.0511,0,18.1,0,0.74,5.818,92.4,1.8662,24,666,20.2,22.11,3.9518,492.84,0.001111111111,24.74,92,-18.182,-647.9,42.1,-5.9,20.2,32.97029703,12054.6,0.74,0.896039604,6
9.72418,0,18.1,0,0.74,6.406,97.2,2.0651,24,666,20.2,19.52,4.3409,492.84,0.001111111111,24.74,97,-17.594,-647.9,42.1,-5.9,20.2,32.97029703,12054.6,0.74,0.896039604,6
5.66637,0,18.1,0,0.74,6.219,100,2.0048,24,666,20.2,16.59,4.2142,492.84,0.001111111111,24.74,100,-17.781,-647.9,42.1,-5.9,20.2,32.97029703,12054.6,0.74,0.896039604,6
9.96654,0,18.1,0,0.74,6.485,100,1.9784,24,666,20.2,18.85,4.5066,492.84,0.001111111111,24.74,100,-17.515,-647.9,42.1,-5.9,20.2,32.97029703,12054.6,0.74,0.896039604,6
12.8023,0,18.1,0,0.74,5.854,96.6,1.8956,24,666,20.2,23.79,3.9584,492.84,0.001111111111,24.74,97,-18.146,-647.9,42.1,-5.9,20.2,32.97029703,12054.6,0.74,0.896039604,6
10.6718,0,18.1,0,0.74,6.459,94.8,1.9879,24,666,20.2,23.98,4.4711,492.84,0.001111111111,24.74,95,-17.541,-647.9,42.1,-5.9,20.2,32.97029703,12054.6,0.74,0.896039604,6
6.28807,0,18.1,0,0.74,6.341,96.4,2.072,24,666,20.2,17.79,4.269,492.84,0.001111111111,24.74,96,-17.659,-647.9,42.1,-5.9,20.2,32.97029703,12054.6,0.74,0.896039604,6
9.92485,0,18.1,0,0.74,6.251,96.6,2.198,24,666,20.2,16.44,4.053,492.84,0.001111111111,24.74,97,-17.749,-647.9,42.1,-5.9,20.2,32.97029703,12054.6,0.74,0.896039604,6
9.32909,0,18.1,0,0.713,6.185,98.7,2.2616,24,666,20.2,18.13,3.9234,474.858,0.001070570571,24.713,99,-17.815,-647.9,42.1,-5.9,20.2,32.97029703,12054.6,0.713,0.896039604,6
7.52601,0,18.1,0,0.713,6.417,98.3,2.185,24,666,20.2,19.31,4.232,474.858,0.001070570571,24.713,98,-17.583,-647.9,42.1,-5.9,20.2,32.97029703,12054.6,0.713,0.896039604,6
6.71772,0,18.1,0,0.713,6.749,92.6,2.3236,24,666,20.2,17.44,4.4254,474.858,0.001070570571,24.713,93,-17.251,-647.9,42.1,-5.9,20.2,32.97029703,12054.6,0.713,0.896039604,7
5.44114,0,18.1,0,0.713,6.655,98.2,2.3552,24,666,20.2,17.73,4.2998,474.858,0.001070570571,24.713,98,-17.345,-647.9,42.1,-5.9,20.2,32.97029703,12054.6,0.713,0.896039604,7
5.09017,0,18.1,0,0.713,6.297,91.8,2.3682,24,666,20.2,17.27,3.9288,474.858,0.001070570571,24.713,92,-17.703,-647.9,42.1,-5.9,20.2,32.97029703,12054.6,0.713,0.896039604,6
8.24809,0,18.1,0,0.713,7.393,99.3,2.4527,24,666,20.2,16.74,4.9403,474.858,0.001070570571,24.713,99,-16.607,-647.9,42.1,-5.9,20.2,32.97029703,12054.6,0.713,0.896039604,7
9.51363,0,18.1,0,0.713,6.728,94.1,2.4961,24,666,20.2,18.71,4.2319,474.858,0.001070570571,24.713,94,-17.272,-647.9,42.1,-5.9,20.2,32.97029703,12054.6,0.713,0.896039604,7
4.75237,0,18.1,0,0.713,6.525,86.5,2.4358,24,666,20.2,18.13,4.0892,474.858,0.001070570571,24.713,87,-17.475,-647.9,42.1,-5.9,20.2,32.97029703,12054.6,0.713,0.896039604,7
4.66883,0,18.1,0,0.713,5.976,87.9,2.5806,24,666,20.2,19.01,3.3954,474.858,0.001070570571,24.713,88,-18.024,-647.9,42.1,-5.9,20.2,32.97029703,12054.6,0.713,0.896039604,6
8.20058,0,18.1,0,0.713,5.936,80.3,2.7792,24,666,20.2,16.94,3.1568,474.858,0.001070570571,24.713,80,-18.064,-647.9,42.1,-5.9,20.2,32.97029703,12054.6,0.713,0.896039604,6
7.75223,0,18.1,0,0.713,6.301,83.7,2.7831,24,666,20.2,16.23,3.5179,474.858,0.001070570571,24.713,84,-17.699,-647.9,42.1,-5.9,20.2,32.97029703,12054.6,0.713,0.896039604,6
6.80117,0,18.1,0,0.713,6.081,84.4,2.7175,24,666,20.2,14.7,3.3635,474.858,0.001070570571,24.713,84,-17.919,-647.9,42.1,-5.9,20.2,32.97029703,12054.6,0.713,0.896039604,6
4.81213,0,18.1,0,0.713,6.701,90,2.5975,24,666,20.2,16.42,4.1035,474.858,0.001070570571,24.713,90,-17.299,-647.9,42.1,-5.9,20.2,32.97029703,12054.6,0.713,0.896039604,7
3.69311,0,18.1,0,0.713,6.376,88.4,2.5671,24,666,20.2,14.65,3.8089,474.858,0.001070570571,24.713,88,-17.624,-647.9,42.1,-5.9,20.2,32.97029703,12054.6,0.713,0.896039604,6
6.65492,0,18.1,0,0.713,6.317,83,2.7344,24,666,20.2,13.99,3.5826,474.858,0.001070570571,24.713,83,-17.683,-647.9,42.1,-5.9,20.2,32.97029703,12054.6,0.713,0.896039604,6
5.82115,0,18.1,0,0.713,6.513,89.9,2.8016,24,666,20.2,10.29,3.7114,474.858,0.001070570571,24.713,90,-17.487,-647.9,42.1,-5.9,20.2,32.97029703,12054.6,0.713,0.896039604,7
7.83932,0,18.1,0,0.655,6.209,65.4,2.9634,24,666,20.2,13.22,3.2456,436.23,0.0009834834835,24.655,65,-17.791,-647.9,42.1,-5.9,20.2,32.97029703,12054.6,0.655,0.896039604,6
3.1636,0,18.1,0,0.655,5.759,48.2,3.0665,24,666,20.2,14.13,2.6925,436.23,0.0009834834835,24.655,48,-18.241,-647.9,42.1,-5.9,20.2,32.97029703,12054.6,0.655,0.896039604,6
3.77498,0,18.1,0,0.655,5.952,84.7,2.8715,24,666,20.2,17.15,3.0805,436.23,0.0009834834835,24.655,85,-18.048,-647.9,42.1,-5.9,20.2,32.97029703,12054.6,0.655,0.896039604,6
4.42228,0,18.1,0,0.584,6.003,94.5,2.5403,24,666,20.2,21.32,3.4627,388.944,0.0008768768769,24.584,95,-17.997,-647.9,42.1,-5.9,20.2,32.97029703,12054.6,0.584,0.896039604,6
15.5757,0,18.1,0,0.58,5.926,71,2.9084,24,666,20.2,18.13,3.0176,386.28,0.0008708708709,24.58,71,-18.074,-647.9,42.1,-5.9,20.2,32.97029703,12054.6,0.58,0.896039604,6
13.0751,0,18.1,0,0.58,5.713,56.7,2.8237,24,666,20.2,14.76,2.8893,386.28,0.0008708708709,24.58,57,-18.287,-647.9,42.1,-5.9,20.2,32.97029703,12054.6,0.58,0.896039604,6
4.34879,0,18.1,0,0.58,6.167,84,3.0334,24,666,20.2,16.29,3.1336,386.28,0.0008708708709,24.58,84,-17.833,-647.9,42.1,-5.9,20.2,32.97029703,12054.6,0.58,0.896039604,6
4.03841,0,18.1,0,0.532,6.229,90.7,3.0993,24,666,20.2,12.87,3.1297,354.312,0.0007987987988,24.532,91,-17.771,-647.9,42.1,-5.9,20.2,32.97029703,12054.6,0.532,0.896039604,6
3.56868,0,18.1,0,0.58,6.437,75,2.8965,24,666,20.2,14.36,3.5405,386.28,0.0008708708709,24.58,75,-17.563,-647.9,42.1,-5.9,20.2,32.97029703,12054.6,0.58,0.896039604,6
4.64689,0,18.1,0,0.614,6.98,67.6,2.5329,24,666,20.2,11.66,4.4471,408.924,0.0009219219219,24.614,68,-17.02,-647.9,42.1,-5.9,20.2,32.97029703,12054.6,0.614,0.896039604,7
8.05579,0,18.1,0,0.584,5.427,95.4,2.4298,24,666,20.2,18.14,2.9972,388.944,0.0008768768769,24.584,95,-18.573,-647.9,42.1,-5.9,20.2,32.97029703,12054.6,0.584,0.896039604,5
6.39312,0,18.1,0,0.584,6.162,97.4,2.206,24,666,20.2,24.1,3.956,388.944,0.0008768768769,24.584,97,-17.838,-647.9,42.1,-5.9,20.2,32.97029703,12054.6,0.584,0.896039604,6
4.87141,0,18.1,0,0.614,6.484,93.6,2.3053,24,666,20.2,18.68,4.1787,408.924,0.0009219219219,24.614,94,-17.516,-647.9,42.1,-5.9,20.2,32.97029703,12054.6,0.614,0.896039604,6
15.0234,0,18.1,0,0.614,5.304,97.3,2.1007,24,666,20.2,24.91,3.2033,408.924,0.0009219219219,24.614,97,-18.696,-647.9,42.1,-5.9,20.2,32.97029703,12054.6,0.614,0.896039604,5
10.233,0,18.1,0,0.614,6.185,96.7,2.1705,24,666,20.2,18.03,4.0145,408.924,0.0009219219219,24.614,97,-17.815,-647.9,42.1,-5.9,20.2,32.97029703,12054.6,0.614,0.896039604,6
14.3337,0,18.1,0,0.614,6.229,88,1.9512,24,666,20.2,13.11,4.2778,408.924,0.0009219219219,24.614,88,-17.771,-647.9,42.1,-5.9,20.2,32.97029703,12054.6,0.614,0.896039604,6
5.82401,0,18.1,0,0.532,6.242,64.7,3.4242,24,666,20.2,10.74,2.8178,354.312,0.0007987987988,24.532,65,-17.758,-647.9,42.1,-5.9,20.2,32.97029703,12054.6,0.532,0.896039604,6
5.70818,0,18.1,0,0.532,6.75,74.9,3.3317,24,666,20.2,7.74,3.4183,354.312,0.0007987987988,24.532,75,-17.25,-647.9,42.1,-5.9,20.2,32.97029703,12054.6,0.532,0.896039604,7
5.73116,0,18.1,0,0.532,7.061,77,3.4106,24,666,20.2,7.01,3.6504,354.312,0.0007987987988,24.532,77,-16.939,-647.9,42.1,-5.9,20.2,32.97029703,12054.6,0.532,0.896039604,7
2.81838,0,18.1,0,0.532,5.762,40.3,4.0983,24,666,20.2,10.42,1.6637,354.312,0.0007987987988,24.532,40,-18.238,-647.9,42.1,-5.9,20.2,32.97029703,12054.6,0.532,0.896039604,6
2.37857,0,18.1,0,0.583,5.871,41.9,3.724,24,666,20.2,13.34,2.147,388.278,0.0008753753754,24.583,42,-18.129,-647.9,42.1,-5.9,20.2,32.97029703,12054.6,0.583,0.896039604,6
3.67367,0,18.1,0,0.583,6.312,51.9,3.9917,24,666,20.2,10.58,2.3203,388.278,0.0008753753754,24.583,52,-17.688,-647.9,42.1,-5.9,20.2,32.97029703,12054.6,0.583,0.896039604,6
5.69175,0,18.1,0,0.583,6.114,79.8,3.5459,24,666,20.2,14.98,2.5681,388.278,0.0008753753754,24.583,80,-17.886,-647.9,42.1,-5.9,20.2,32.97029703,12054.6,0.583,0.896039604,6
4.83567,0,18.1,0,0.583,5.905,53.2,3.1523,24,666,20.2,11.45,2.7527,388.278,0.0008753753754,24.583,53,-18.095,-647.9,42.1,-5.9,20.2,32.97029703,12054.6,0.583,0.896039604,6
0.15086,0,27.74,0,0.609,5.454,92.7,1.8209,4,711,20.1,18.06,3.6331,432.999,0.0008565400844,4.609,93,1.454,-683.26,31.74,23.74,20.1,35.373134328,19723.14,0.609,1.380099502,5
0.18337,0,27.74,0,0.609,5.414,98.3,1.7554,4,711,20.1,23.97,3.6586,432.999,0.0008565400844,4.609,98,1.414,-683.26,31.74,23.74,20.1,35.373134328,19723.14,0.609,1.380099502,5
0.20746,0,27.74,0,0.609,5.093,98,1.8226,4,711,20.1,29.68,3.2704,432.999,0.0008565400844,4.609,98,1.093,-683.26,31.74,23.74,20.1,35.373134328,19723.14,0.609,1.380099502,5
0.10574,0,27.74,0,0.609,5.983,98.8,1.8681,4,711,20.1,18.07,4.1149,432.999,0.0008565400844,4.609,99,1.983,-683.26,31.74,23.74,20.1,35.373134328,19723.14,0.609,1.380099502,6
0.11132,0,27.74,0,0.609,5.983,83.5,2.1099,4,711,20.1,13.35,3.8731,432.999,0.0008565400844,4.609,84,1.983,-683.26,31.74,23.74,20.1,35.373134328,19723.14,0.609,1.380099502,6
0.17331,0,9.69,0,0.585,5.707,54,2.3817,6,391,19.2,12.01,3.3253,228.735,0.001496163683,6.585,54,-0.293,-381.31,15.69,3.69,19.2,20.364583333,3788.79,0.585,0.5046875,6
0.27957,0,9.69,0,0.585,5.926,42.6,2.3817,6,391,19.2,13.59,3.5443,228.735,0.001496163683,6.585,43,-0.074,-381.31,15.69,3.69,19.2,20.364583333,3788.79,0.585,0.5046875,6
0.17899,0,9.69,0,0.585,5.67,28.8,2.7986,6,391,19.2,17.6,2.8714,228.735,0.001496163683,6.585,29,-0.33,-381.31,15.69,3.69,19.2,20.364583333,3788.79,0.585,0.5046875,6
0.2896,0,9.69,0,0.585,5.39,72.9,2.7986,6,391,19.2,21.14,2.5914,228.735,0.001496163683,6.585,73,-0.61,-381.31,15.69,3.69,19.2,20.364583333,3788.79,0.585,0.5046875,5
0.26838,0,9.69,0,0.585,5.794,70.6,2.8927,6,391,19.2,14.1,2.9013,228.735,0.001496163683,6.585,71,-0.206,-381.31,15.69,3.69,19.2,20.364583333,3788.79,0.585,0.5046875,6
0.23912,0,9.69,0,0.585,6.019,65.3,2.4091,6,391,19.2,12.92,3.6099,228.735,0.001496163683,6.585,65,0.019,-381.31,15.69,3.69,19.2,20.364583333,3788.79,0.585,0.5046875,6
0.17783,0,9.69,0,0.585,5.569,73.5,2.3999,6,391,19.2,15.1,3.1691,228.735,0.001496163683,6.585,74,-0.431,-381.31,15.69,3.69,19.2,20.364583333,3788.79,0.585,0.5046875,6
0.22438,0,9.69,0,0.585,6.027,79.7,2.4982,6,391,19.2,14.33,3.5288,228.735,0.001496163683,6.585,80,0.027,-381.31,15.69,3.69,19.2,20.364583333,3788.79,0.585,0.5046875,6
0.06263,0,11.93,0,0.573,6.593,69.1,2.4786,1,273,21,9.67,4.1144,156.429,0.002098901099,1.573,69,5.593,-261.07,12.93,10.93,21,13,3256.89,0.573,0.5680952381,7
0.04527,0,11.93,0,0.573,6.12,76.7,2.2875,1,273,21,9.08,3.8325,156.429,0.002098901099,1.573,77,5.12,-261.07,12.93,10.93,21,13,3256.89,0.573,0.5680952381,6
0.06076,0,11.93,0,0.573,6.976,91,2.1675,1,273,21,5.64,4.8085,156.429,0.002098901099,1.573,91,5.976,-261.07,12.93,10.93,21,13,3256.89,0.573,0.5680952381,7
0.10959,0,11.93,0,0.573,6.794,89.3,2.3889,1,273,21,6.48,4.4051,156.429,0.002098901099,1.573,89,5.794,-261.07,12.93,10.93,21,13,3256.89,0.573,0.5680952381,7
0.04741,0,11.93,0,0.573,6.03,80.8,2.505,1,273,21,7.88,3.525,156.429,0.002098901099,1.573,81,5.03,-261.07,12.93,10.93,21,13,3256.89,0.573,0.5680952381,6